gnomAD ID,Chromosome,Position,rsIDs,Reference,Alternate,Source,Filters - exomes,Filters - genomes,Transcript,HGVS Consequence,Protein Consequence,Transcript Consequence,VEP Annotation,ClinVar Germline Classification,ClinVar Variation ID,Flags,Allele Count,Allele Number,Allele Frequency,Homozygote Count,Hemizygote Count,Filters - joint,GroupMax FAF group,GroupMax FAF frequency,cadd,revel_max,spliceai_ds_max,pangolin_largest_ds,phylop,sift_max,polyphen_max,Allele Count African/African American,Allele Number African/African American,Homozygote Count African/African American,Hemizygote Count African/African American,Allele Count Admixed American,Allele Number Admixed American,Homozygote Count Admixed American,Hemizygote Count Admixed American,Allele Count Ashkenazi Jewish,Allele Number Ashkenazi Jewish,Homozygote Count Ashkenazi Jewish,Hemizygote Count Ashkenazi Jewish,Allele Count East Asian,Allele Number East Asian,Homozygote Count East Asian,Hemizygote Count East Asian,Allele Count European (Finnish),Allele Number European (Finnish),Homozygote Count European (Finnish),Hemizygote Count European (Finnish),Allele Count Middle Eastern,Allele Number Middle Eastern,Homozygote Count Middle Eastern,Hemizygote Count Middle Eastern,Allele Count European (non-Finnish),Allele Number European (non-Finnish),Homozygote Count European (non-Finnish),Hemizygote Count European (non-Finnish),Allele Count Amish,Allele Number Amish,Homozygote Count Amish,Hemizygote Count Amish,Allele Count South Asian,Allele Number South Asian,Homozygote Count South Asian,Hemizygote Count South Asian,Allele Count Remaining,Allele Number Remaining,Homozygote Count Remaining,Hemizygote Count Remaining
21-31659771-T-C,21,31659771,,T,C,gnomAD Exomes,PASS,NA,ENST00000270142.11,p.Met1?,p.Met1?,c.2T>C,start_lost,,,,1,1613924,6.19607862575933e-7,0,0,PASS,,,23.3,0.678,0.0300,0.0100,6.18,0.00,0.118,0,75050,0,0,0,60034,0,0,0,29596,0,0,0,44876,0,0,0,63934,0,0,0,6062,0,0,1,1179882,0,0,0,912,0,0,0,91084,0,0,0,62494,0,0
21-31659774-C-T,21,31659774,rs1297567794,C,T,gnomAD Exomes,PASS,NA,ENST00000270142.11,p.Ala2Val,p.Ala2Val,c.5C>T,missense_variant,,,,1,1613888,6.196216837847483e-7,0,0,PASS,,,15.6,0.358,0.0200,0.0200,1.75,0.680,0.00300,0,75048,0,0,0,60032,0,0,0,29594,0,0,0,44880,0,0,1,63908,0,0,0,6060,0,0,0,1179876,0,0,0,912,0,0,0,91088,0,0,0,62490,0,0
21-31659777-C-T,21,31659777,rs1601153292,C,T,gnomAD Exomes,PASS,NA,ENST00000270142.11,p.Thr3Met,p.Thr3Met,c.8C>T,missense_variant,Uncertain significance,3348663,,1,1613918,6.196101660679167e-7,0,0,PASS,,,11.8,0.380,0.00,0.0300,0.198,0.310,0.00,0,75046,0,0,1,60036,0,0,0,29594,0,0,0,44880,0,0,0,63916,0,0,0,6062,0,0,0,1179894,0,0,0,912,0,0,0,91088,0,0,0,62490,0,0
21-31659777-C-G,21,31659777,,C,G,gnomAD Exomes,PASS,NA,ENST00000270142.11,p.Thr3Arg,p.Thr3Arg,c.8C>G,missense_variant,,,,1,1613918,6.196101660679167e-7,0,0,PASS,,,10.9,0.337,0.00,-0.0600,0.198,0.400,0.00,0,75046,0,0,0,60036,0,0,0,29594,0,0,0,44880,0,0,0,63916,0,0,0,6062,0,0,1,1179894,0,0,0,912,0,0,0,91088,0,0,0,62490,0,0
21-31659779-A-G,21,31659779,rs1568807297,A,G,gnomAD Exomes,PASS,NA,ENST00000270142.11,p.Lys4Glu,p.Lys4Glu,c.10A>G,missense_variant,Pathogenic,2138372,,1,1613928,6.196063269241255e-7,0,0,PASS,,,28.4,0.795,0.00,0.0200,6.15,0.0100,0.498,0,75058,0,0,0,60034,0,0,0,29594,0,0,0,44880,0,0,0,63926,0,0,0,6062,0,0,1,1179888,0,0,0,912,0,0,0,91082,0,0,0,62492,0,0
21-31659783-C-T,21,31659783,rs121912442,C,T,gnomAD Exomes,PASS,NA,ENST00000270142.11,p.Ala5Val,p.Ala5Val,c.14C>T,missense_variant,Pathogenic,14763,,2,1613934,0.0000012392080469213735,0,0,PASS,nfe,2.8000000000000007e-7,31.0,0.853,0.140,0.0300,8.64,0.0300,0.974,0,75058,0,0,0,60034,0,0,0,29596,0,0,0,44884,0,0,0,63894,0,0,0,6062,0,0,2,1179914,0,0,0,912,0,0,0,91086,0,0,0,62494,0,0
21-31659791-G-A,21,31659791,rs1380854315,G,A,gnomAD Exomes,PASS,NA,ENST00000270142.11,p.Val8Met,p.Val8Met,c.22G>A,missense_variant,,,,4,1613940,0.000002478406880057499,0,0,PASS,,,26.9,0.858,0.00,0.0200,4.75,0.0700,0.982,0,75058,0,0,0,60038,0,0,0,29596,0,0,0,44882,0,0,2,63904,0,0,0,6062,0,0,0,1179908,0,0,0,912,0,0,0,91086,0,0,2,62494,0,0
21-31659794-C-G,21,31659794,rs1568807333,C,G,gnomAD Exomes,PASS,NA,ENST00000270142.11,p.Leu9Val,p.Leu9Val,c.25C>G,missense_variant,Uncertain significance,1409977,,3,1613922,0.0000018588258912140735,0,0,PASS,nfe,6.800000000000001e-7,23.3,0.699,0.00,-0.0200,0.629,0.0300,0.660,0,75064,0,0,0,60034,0,0,0,29590,0,0,0,44882,0,0,0,63894,0,0,0,6062,0,0,3,1179906,0,0,0,912,0,0,0,91086,0,0,0,62492,0,0
21-31659797-A-C,21,31659797,rs1236713490,A,C,gnomAD Genomes,NA,PASS,ENST00000270142.11,p.Lys10Gln,p.Lys10Gln,c.28A>C,missense_variant,,,,1,1613796,6.196570074532345e-7,0,0,PASS,,,22.7,0.613,0.0100,-0.0800,3.49,,,0,74936,0,0,0,60006,0,0,0,29594,0,0,0,44892,0,0,0,63900,0,0,0,6084,0,0,1,1179912,0,0,0,912,0,0,0,91094,0,0,0,62466,0,0
21-31659799-G-C,21,31659799,,G,C,gnomAD Exomes,PASS,NA,ENST00000270142.11,p.Lys10Asn,p.Lys10Asn,c.30G>C,missense_variant,,,,2,1613916,0.000001239221867804768,0,0,PASS,nfe,2.8000000000000007e-7,23.4,0.719,0.00,0.0800,2.73,0.170,0.681,0,75062,0,0,0,60034,0,0,0,29594,0,0,0,44882,0,0,0,63882,0,0,0,6062,0,0,2,1179908,0,0,0,912,0,0,0,91088,0,0,0,62492,0,0
21-31659800-G-A,21,31659800,,G,A,gnomAD Exomes,PASS,NA,ENST00000270142.11,p.Gly11Ser,p.Gly11Ser,c.31G>A,missense_variant,,,,1,1613926,6.196070947490777e-7,0,0,PASS,,,26.3,0.849,0.00,0.0900,8.50,0.0600,0.957,0,75060,0,0,0,60032,0,0,0,29594,0,0,1,44886,0,0,0,63896,0,0,0,6062,0,0,0,1179908,0,0,0,912,0,0,0,91084,0,0,0,62492,0,0
21-31659803-G-A,21,31659803,,G,A,gnomAD Exomes,PASS,NA,ENST00000270142.11,p.Asp12Asn,p.Asp12Asn,c.34G>A,missense_variant,,,,1,1613908,6.196140052592837e-7,0,0,PASS,,,22.5,0.428,0.0400,-0.0400,3.91,0.200,0.0100,1,75064,0,0,0,60032,0,0,0,29594,0,0,0,44886,0,0,0,63874,0,0,0,6062,0,0,0,1179906,0,0,0,912,0,0,0,91086,0,0,0,62492,0,0
21-31659803-G-T,21,31659803,rs762628133,G,T,"gnomAD Exomes,gnomAD Genomes",PASS,PASS,ENST00000270142.11,p.Asp12Tyr,p.Asp12Tyr,c.34G>T,missense_variant,Likely pathogenic,2690932,,5,1613790,0.0000030982965565532072,0,0,PASS,nfe,7.899999999999998e-7,25.8,0.647,0.0500,-0.0500,3.91,0.0100,0.890,0,74942,0,0,0,60012,0,0,0,29594,0,0,0,44898,0,0,1,63874,0,0,0,6084,0,0,4,1179914,0,0,0,912,0,0,0,91090,0,0,0,62470,0,0
21-31659804-A-G,21,31659804,,A,G,gnomAD Exomes,PASS,NA,ENST00000270142.11,p.Asp12Gly,p.Asp12Gly,c.35A>G,missense_variant,,,,1,1613858,6.196332019297856e-7,0,0,PASS,,,23.6,0.483,0.0500,-0.0600,3.47,0.0200,0.0120,0,75048,0,0,0,60028,0,0,0,29594,0,0,0,44878,0,0,0,63872,0,0,0,6062,0,0,1,1179894,0,0,0,912,0,0,0,91084,0,0,0,62486,0,0
21-31659805-C-A,21,31659805,,C,A,gnomAD Exomes,PASS,NA,ENST00000270142.11,p.Asp12Glu,p.Asp12Glu,c.36C>A,missense_variant,,,,2,1613836,0.0000012392832976832837,0,0,PASS,nfe,2.8000000000000007e-7,8.20,0.248,0.0400,-0.0700,-0.282,0.330,0.00300,0,75050,0,0,0,60028,0,0,0,29590,0,0,0,44882,0,0,0,63852,0,0,0,6062,0,0,2,1179884,0,0,0,912,0,0,0,91086,0,0,0,62490,0,0
21-31659806-G-A,21,31659806,,G,A,gnomAD Exomes,PASS,NA,ENST00000270142.11,p.Gly13Ser,p.Gly13Ser,c.37G>A,missense_variant,,,,1,1613862,6.196316661523724e-7,0,0,PASS,,,15.2,0.427,0.0200,-0.0500,1.41,0.860,0.0470,0,75058,0,0,1,60030,0,0,0,29594,0,0,0,44882,0,0,0,63848,0,0,0,6062,0,0,0,1179900,0,0,0,912,0,0,0,91086,0,0,0,62490,0,0
21-31659807-G-A,21,31659807,rs1379845624,G,A,gnomAD Exomes,PASS,NA,ENST00000270142.11,p.Gly13Asp,p.Gly13Asp,c.38G>A,missense_variant,,,,1,1613840,6.196401130223566e-7,0,0,PASS,,,22.9,0.514,0.00,0.0400,8.49,0.0700,0.0700,0,75062,0,0,0,60026,0,0,0,29592,0,0,0,44876,0,0,0,63838,0,0,0,6060,0,0,1,1179894,0,0,0,912,0,0,0,91090,0,0,0,62490,0,0
21-31659809-C-T,21,31659809,,C,T,gnomAD Exomes,PASS,NA,ENST00000270142.11,p.Pro14Ser,p.Pro14Ser,c.40C>T,missense_variant,,,,1,1613860,6.196324340401274e-7,0,0,PASS,,,9.89,0.393,0.0100,-0.0300,0.142,0.800,0.153,0,75054,0,0,0,60026,0,0,0,29592,0,0,0,44882,0,0,0,63858,0,0,0,6062,0,0,0,1179898,0,0,0,912,0,0,0,91086,0,0,1,62490,0,0
21-31659813-T-C,21,31659813,rs1202989817,T,C,"gnomAD Exomes,gnomAD Genomes",PASS,PASS,ENST00000270142.11,p.Val15Ala,p.Val15Ala,c.44T>C,missense_variant,,,,6,1613724,0.00000371810792923697,0,0,PASS,eas,0.00004344999999999998,23.1,0.707,0.00,0.0300,4.53,0.0600,0.414,0,74940,0,0,0,60006,0,0,0,29592,0,0,5,44890,0,0,0,63850,0,0,0,6084,0,0,1,1179896,0,0,0,912,0,0,0,91088,0,0,0,62466,0,0
21-31659815-C-G,21,31659815,rs2049531483,C,G,gnomAD Genomes,NA,PASS,ENST00000270142.11,p.Gln16Glu,p.Gln16Glu,c.46C>G,missense_variant,,,,1,1613682,6.197007836736111e-7,0,0,PASS,,,7.87,0.308,0.00,0.0800,-0.320,,,0,74938,0,0,0,60004,0,0,0,29592,0,0,0,44890,0,0,0,63830,0,0,0,6080,0,0,0,1179878,0,0,0,912,0,0,1,91092,0,0,0,62466,0,0
21-31659816-A-G,21,31659816,rs200016533,A,G,"gnomAD Exomes,gnomAD Genomes",PASS,PASS,ENST00000270142.11,p.Gln16Arg,p.Gln16Arg,c.47A>G,missense_variant,,,,22,1613696,0.000013633298960894741,0,0,PASS,nfe,0.00001144,16.5,0.280,0.00,0.0400,1.21,0.230,0.105,0,74932,0,0,0,60010,0,0,0,29592,0,0,1,44890,0,0,0,63828,0,0,0,6084,0,0,21,1179890,0,0,0,912,0,0,0,91090,0,0,0,62468,0,0
21-31659817-G-C,21,31659817,,G,C,gnomAD Exomes,PASS,NA,ENST00000270142.11,p.Gln16His,p.Gln16His,c.48G>C,missense_variant,,,,3,1613808,0.0000018589571993694416,0,0,PASS,nfe,6.800000000000001e-7,14.5,0.268,0.00,0.0800,-0.395,0.0700,0.00300,0,75060,0,0,0,60032,0,0,0,29592,0,0,0,44880,0,0,0,63806,0,0,0,6060,0,0,3,1179892,0,0,0,912,0,0,0,91088,0,0,0,62486,0,0
21-31659819-G-T,21,31659819,,G,T,gnomAD Exomes,PASS,NA,ENST00000270142.11,p.Gly17Val,p.Gly17Val,c.50G>T,missense_variant,,,,1,1613752,6.196739028053877e-7,0,0,PASS,,,32.0,0.898,0.810,0.440,8.48,0.00,0.997,0,75056,0,0,0,60032,0,0,0,29592,0,0,0,44880,0,0,0,63772,0,0,0,6058,0,0,1,1179882,0,0,0,912,0,0,0,91080,0,0,0,62488,0,0
21-31659819-GCAT-G,21,31659819,,GCAT,G,gnomAD Exomes,PASS,NA,ENST00000270142.11,p.Ile19del,p.Ile19del,c.56_58del,inframe_deletion,,,,1,1613752,6.196739028053877e-7,0,0,PASS,,,19.5,,0.130,-0.140,8.48,,,0,75056,0,0,0,60032,0,0,0,29592,0,0,0,44880,0,0,0,63772,0,0,0,6058,0,0,1,1179882,0,0,0,912,0,0,0,91080,0,0,0,62488,0,0
21-31659821-A-G,21,31659821,rs1460554436,A,G,gnomAD Exomes,PASS,NA,ENST00000270142.11,p.Ile18Val,p.Ile18Val,c.52A>G,missense_variant,,,,1,1613746,6.196762067884289e-7,0,0,PASS,,,15.5,0.314,0.00,0.0100,-0.308,0.580,0.00,0,75050,0,0,1,60022,0,0,0,29590,0,0,0,44878,0,0,0,63796,0,0,0,6058,0,0,0,1179868,0,0,0,912,0,0,0,91084,0,0,0,62488,0,0
21-31659822-T-C,21,31659822,,T,C,gnomAD Exomes,PASS,NA,ENST00000270142.11,p.Ile18Thr,p.Ile18Thr,c.53T>C,missense_variant,,,,1,1613688,6.196984795078107e-7,0,0,PASS,,,11.5,0.330,0.0600,-0.0500,-1.08,1.00,0.00,0,75038,0,0,0,60028,0,0,0,29592,0,0,0,44874,0,0,0,63762,0,0,0,6058,0,0,1,1179854,0,0,0,912,0,0,0,91084,0,0,0,62486,0,0
21-31659826-C-G,21,31659826,rs1182088847,C,G,gnomAD Exomes,PASS,NA,ENST00000270142.11,p.Ile19Met,p.Ile19Met,c.57C>G,missense_variant,,,,2,1613648,0.000001239427681873618,0,0,PASS,,,23.5,0.761,0.0700,-0.100,4.01,0.00,0.809,0,75052,0,0,0,60024,0,0,0,29588,0,0,0,44878,0,0,0,63720,0,0,0,6054,0,0,0,1179860,0,0,0,912,0,0,1,91082,0,0,1,62478,0,0
21-31659828-A-G,21,31659828,rs768029813,A,G,"gnomAD Exomes,gnomAD Genomes",PASS,PASS,ENST00000270142.11,p.Asn20Ser,p.Asn20Ser,c.59A>G,missense_variant,Conflicting classifications of pathogenicity,516816,,121,1613482,0.00007499308947977108,0,0,PASS,nfe,0.00008093,13.4,0.298,0.0400,-0.0500,-0.856,0.260,0.00700,1,74906,0,0,1,59996,0,0,0,29588,0,0,0,44878,0,0,0,63728,0,0,2,6080,0,0,113,1179844,0,0,0,912,0,0,1,91092,0,0,3,62458,0,0
21-31659832-C-G,21,31659832,rs1555836170,C,G,gnomAD Exomes,PASS,NA,ENST00000270142.11,p.Phe21Leu,p.Phe21Leu,c.63C>G,missense_variant,Likely pathogenic,859765,,1,1613522,6.197622344163885e-7,0,0,PASS,,,24.8,0.886,0.0400,-0.0700,6.84,0.140,0.974,0,75054,0,0,0,60020,0,0,0,29588,0,0,0,44876,0,0,0,63652,0,0,0,6044,0,0,0,1179816,0,0,0,912,0,0,0,91086,0,0,1,62474,0,0
21-31659837-A-G,21,31659837,rs1169198442,A,G,"gnomAD Exomes,gnomAD Genomes",PASS,PASS,ENST00000270142.11,p.Gln23Arg,p.Gln23Arg,c.68A>G,missense_variant,,,,2,1613320,0.0000012396796667741056,0,0,PASS,sas,0.0000036500000000000006,25.5,0.785,0.0800,-0.160,2.15,0.0100,0.501,0,74930,0,0,0,60010,0,0,0,29590,0,0,0,44888,0,0,0,63582,0,0,0,6064,0,0,0,1179796,0,0,0,912,0,0,2,91094,0,0,0,62454,0,0
21-31659838-G-C,21,31659838,rs1424217272,G,C,gnomAD Exomes,PASS,NA,ENST00000270142.11,p.Gln23His,p.Gln23His,c.69G>C,missense_variant,Likely pathogenic,1505077,,28,1613346,0.00001735523564071191,0,0,PASS,nfe,0.00001454,24.9,0.808,0.00,0.0500,2.61,0.0100,0.932,1,75048,0,0,0,60030,0,0,0,29588,0,0,0,44878,0,0,0,63532,0,0,0,6042,0,0,25,1179756,0,0,0,910,0,0,0,91086,0,0,2,62476,0,0
21-31659838-G-T,21,31659838,rs1424217272,G,T,gnomAD Exomes,PASS,NA,ENST00000270142.11,p.Gln23His,p.Gln23His,c.69G>T,missense_variant,,,,1,1613346,6.198298443111397e-7,0,0,PASS,,,25.4,0.808,0.0100,0.00,2.61,0.0100,0.932,0,75048,0,0,0,60030,0,0,0,29588,0,0,0,44878,0,0,0,63530,0,0,0,6042,0,0,1,1179758,0,0,0,910,0,0,0,91086,0,0,0,62476,0,0
21-31659839-A-C,21,31659839,,A,C,gnomAD Exomes,PASS,NA,ENST00000270142.11,p.Lys24Gln,p.Lys24Gln,c.70A>C,missense_variant,,,,1,1613366,6.198221606256733e-7,0,0,PASS,,,15.0,0.411,0.00,-0.0200,-0.378,0.390,0.00300,0,75038,0,0,0,60028,0,0,0,29586,0,0,0,44880,0,0,0,63568,0,0,0,6036,0,0,1,1179762,0,0,0,912,0,0,0,91084,0,0,0,62472,0,0
21-31663791-A-G,21,31663791,,A,G,gnomAD Exomes,PASS,NA,ENST00000270142.11,p.Glu25Gly,p.Glu25Gly,c.74A>G,missense_variant,,,,3,1609776,0.0000018636133225989206,0,0,PASS,nfe,6.800000000000001e-7,1.58,0.279,0.00,0.0100,-1.01,0.460,0.00,0,74956,0,0,0,59986,0,0,0,29522,0,0,0,44836,0,0,0,63934,0,0,0,6046,0,0,3,1176304,0,0,0,912,0,0,0,90998,0,0,0,62282,0,0
21-31663794-G-A,21,31663794,rs747214897,G,A,gnomAD Exomes,PASS,NA,ENST00000270142.11,p.Ser26Asn,p.Ser26Asn,c.77G>A,missense_variant,,,,1,1610616,6.208804581601077e-7,0,0,PASS,,,1.08,0.225,0.00,0.00,-2.12,0.310,0.00,0,74980,0,0,0,59994,0,0,0,29520,0,0,0,44840,0,0,0,63942,0,0,0,6048,0,0,0,1177004,0,0,0,912,0,0,0,91024,0,0,1,62352,0,0
21-31663799-G-A,21,31663799,,G,A,gnomAD Exomes,PASS,NA,ENST00000270142.11,p.Gly28Arg,p.Gly28Arg,c.82G>A,missense_variant,,,,5,1611574,0.000003102556879175266,0,0,PASS,sas,0.0000036500000000000006,23.1,0.438,0.430,-0.210,5.22,0.0700,0.782,0,74992,0,0,0,60004,0,0,0,29544,0,0,0,44836,0,0,0,63948,0,0,0,6052,0,0,3,1177880,0,0,0,910,0,0,2,91022,0,0,0,62386,0,0
21-31663803-C-G,21,31663803,rs11556621,C,G,gnomAD Exomes,PASS,NA,ENST00000270142.11,p.Pro29Arg,p.Pro29Arg,c.86C>G,missense_variant,,,,11,1611942,0.000006824066870892377,0,0,PASS,nfe,0.00000501,17.7,0.463,0.00,0.00,0.199,0.00,0.713,0,74982,0,0,0,59990,0,0,0,29554,0,0,0,44846,0,0,0,63948,0,0,0,6052,0,0,11,1178216,0,0,0,912,0,0,0,91032,0,0,0,62410,0,0
21-31663809-A-T,21,31663809,,A,T,gnomAD Exomes,PASS,NA,ENST00000270142.11,p.Lys31Met,p.Lys31Met,c.92A>T,missense_variant,,,,1,1612910,6.199973960109368e-7,0,0,PASS,,,5.01,0.338,0.00,0.0100,-1.28,0.110,0.281,0,74994,0,0,0,60002,0,0,0,29568,0,0,0,44872,0,0,0,63984,0,0,0,6056,0,0,0,1179022,0,0,0,912,0,0,0,91060,0,0,1,62440,0,0
21-31663809-A-G,21,31663809,,A,G,gnomAD Exomes,PASS,NA,ENST00000270142.11,p.Lys31Arg,p.Lys31Arg,c.92A>G,missense_variant,,,,3,1612910,0.0000018599921880328103,0,0,PASS,nfe,6.800000000000001e-7,9.69,0.171,0.400,-0.270,-1.28,0.230,0.00300,0,74994,0,0,0,60002,0,0,0,29568,0,0,0,44872,0,0,0,63984,0,0,0,6056,0,0,3,1179022,0,0,0,912,0,0,0,91060,0,0,0,62440,0,0
21-31663811-G-T,21,31663811,,G,T,gnomAD Exomes,PASS,NA,ENST00000270142.11,p.Val32Leu,p.Val32Leu,c.94G>T,missense_variant,,,,1,1613108,6.199212947924131e-7,0,0,PASS,,,9.87,0.350,0.00,0.00,4.02,0.130,0.0220,0,75016,0,0,0,60018,0,0,0,29572,0,0,0,44854,0,0,0,63988,0,0,0,6054,0,0,1,1179158,0,0,0,912,0,0,0,91076,0,0,0,62460,0,0
21-31663812-T-G,21,31663812,rs1428716759,T,G,gnomAD Genomes,NA,PASS,ENST00000270142.11,p.Val32Gly,p.Val32Gly,c.95T>G,missense_variant,,,,1,1612890,6.200050840416892e-7,0,0,PASS,,,28.2,0.780,0.410,-0.240,6.26,,,0,74880,0,0,0,59982,0,0,0,29574,0,0,0,44870,0,0,0,63974,0,0,0,6076,0,0,1,1179126,0,0,0,912,0,0,0,91068,0,0,0,62428,0,0
21-31663820-A-G,21,31663820,,A,G,gnomAD Exomes,PASS,NA,ENST00000270142.11,p.Ser35Gly,p.Ser35Gly,c.103A>G,missense_variant,,,,1,1613400,6.198090987975703e-7,0,0,PASS,,,7.49,0.316,0.110,-0.0400,-2.10,0.0300,0.0650,0,75030,0,0,0,60014,0,0,0,29578,0,0,0,44858,0,0,0,63992,0,0,0,6058,0,0,0,1179416,0,0,0,912,0,0,1,91074,0,0,0,62468,0,0
21-31663821-G-T,21,31663821,rs777560607,G,T,gnomAD Genomes,NA,PASS,ENST00000270142.11,p.Ser35Ile,p.Ser35Ile,c.104G>T,missense_variant,,,,1,1613380,6.198167821591938e-7,0,0,PASS,,,9.24,0.241,0.0200,0.0100,0.276,0.0600,0.0150,1,74908,0,0,0,59994,0,0,0,29582,0,0,0,44890,0,0,0,64010,0,0,0,6080,0,0,0,1179474,0,0,0,912,0,0,0,91082,0,0,0,62448,0,0
21-31663821-G-C,21,31663821,,G,C,gnomAD Exomes,PASS,NA,ENST00000270142.11,p.Ser35Thr,p.Ser35Thr,c.104G>C,missense_variant,,,,1,1613498,6.197714530789626e-7,0,0,PASS,,,5.25,0.216,0.00,0.00,0.276,0.200,0.00,0,75030,0,0,0,60014,0,0,0,29582,0,0,1,44878,0,0,0,64010,0,0,0,6058,0,0,0,1179466,0,0,0,912,0,0,0,91078,0,0,0,62470,0,0
21-31663838-G-A,21,31663838,,G,A,gnomAD Exomes,PASS,NA,ENST00000270142.11,p.Glu41Lys,p.Glu41Lys,c.121G>A,missense_variant,,,,1,1613754,6.196731348148478e-7,0,0,PASS,,,20.5,0.449,0.130,-0.0600,1.51,0.250,0.0210,0,75044,0,0,0,60020,0,0,0,29582,0,0,0,44876,0,0,0,64024,0,0,0,6060,0,0,1,1179678,0,0,0,912,0,0,0,91074,0,0,0,62484,0,0
21-31663847-C-T,21,31663847,,C,T,gnomAD Exomes,PASS,NA,ENST00000270142.11,p.His44Tyr,p.His44Tyr,c.130C>T,missense_variant,,,,1,1613624,6.197230581597695e-7,0,0,PASS,,,23.5,0.908,0.0100,-0.0100,8.87,0.00,0.522,0,75024,0,0,0,60024,0,0,0,29580,0,0,0,44878,0,0,0,64016,0,0,0,6060,0,0,0,1179570,0,0,0,912,0,0,1,91076,0,0,0,62484,0,0
21-31663848-A-G,21,31663848,rs121912435,A,G,gnomAD Exomes,PASS,NA,ENST00000270142.11,p.His44Arg,p.His44Arg,c.131A>G,missense_variant,Pathogenic,14756,,1,1613714,6.196884949873398e-7,0,0,PASS,,,22.7,0.910,0.00,0.00,6.32,0.210,0.999,0,75038,0,0,0,60022,0,0,0,29574,0,0,0,44878,0,0,0,64034,0,0,0,6058,0,0,1,1179628,0,0,0,912,0,0,0,91084,0,0,0,62486,0,0
21-31663853-T-G,21,31663853,,T,G,gnomAD Exomes,PASS,NA,ENST00000270142.11,p.Phe46Val,p.Phe46Val,c.136T>G,missense_variant,,,,1,1613662,6.197084643500311e-7,0,0,PASS,,,26.0,0.977,0.0200,-0.0200,6.34,0.00,0.997,0,75018,0,0,0,60022,0,0,0,29580,0,0,0,44878,0,0,0,64022,0,0,0,6060,0,0,0,1179604,0,0,0,912,0,0,1,91082,0,0,0,62484,0,0
21-31663855-C-G,21,31663855,,C,G,gnomAD Exomes,PASS,NA,ENST00000270142.11,p.Phe46Leu,p.Phe46Leu,c.138C>G,missense_variant,,,,3,1613482,0.0000018593327970191177,0,0,PASS,nfe,6.800000000000001e-7,24.2,0.909,0.0300,-0.0300,3.01,0.00,0.989,0,75006,0,0,0,60014,0,0,0,29576,0,0,0,44872,0,0,0,64010,0,0,0,6058,0,0,3,1179504,0,0,0,912,0,0,0,91056,0,0,0,62474,0,0
21-31663857-A-C,21,31663857,,A,C,gnomAD Exomes,PASS,NA,ENST00000270142.11,p.His47Pro,p.His47Pro,c.140A>C,missense_variant,,,,1,1613588,6.197368845083132e-7,0,0,PASS,,,25.3,0.976,0.00,-0.0100,6.32,0.00,0.993,0,75036,0,0,0,60018,0,0,0,29570,0,0,0,44878,0,0,0,64016,0,0,0,6058,0,0,1,1179538,0,0,0,912,0,0,0,91086,0,0,0,62476,0,0
21-31663868-T-C,21,31663868,,T,C,gnomAD Exomes,PASS,NA,ENST00000270142.11,p.Phe51Leu,p.Phe51Leu,c.151T>C,missense_variant,,,,2,1613164,0.000001239799549208884,0,0,PASS,nfe,2.8000000000000007e-7,24.7,0.891,0.00,0.00,6.34,0.120,0.874,0,75002,0,0,0,60012,0,0,0,29576,0,0,0,44868,0,0,0,63988,0,0,0,6054,0,0,2,1179222,0,0,0,912,0,0,0,91066,0,0,0,62464,0,0
21-31663869-T-G,21,31663869,rs759149157,T,G,gnomAD Exomes,PASS,NA,ENST00000270142.11,p.Phe51Cys,p.Phe51Cys,c.152T>G,missense_variant,,,,5,1613068,0.0000030996833363503585,0,0,PASS,sas,0.000021040000000000002,26.0,0.925,0.0100,-0.0300,3.67,0.00,0.997,0,75012,0,0,0,60006,0,0,0,29568,0,0,0,44858,0,0,0,64004,0,0,0,6052,0,0,0,1179128,0,0,0,912,0,0,5,91070,0,0,0,62458,0,0
21-31663881-C-T,21,31663881,,C,T,gnomAD Exomes,PASS,NA,ENST00000270142.11,p.Thr55Ile,p.Thr55Ile,c.164C>T,missense_variant,,,,2,1611418,0.0000012411428940225317,0,0,PASS,nfe,2.8000000000000007e-7,25.1,0.948,0.0400,-0.0200,8.87,0.0300,0.984,0,74990,0,0,0,60014,0,0,0,29556,0,0,0,44844,0,0,0,63984,0,0,0,6042,0,0,2,1177632,0,0,0,912,0,0,0,91044,0,0,0,62400,0,0
21-31663881-C-G,21,31663881,rs986277034,C,G,gnomAD Exomes,PASS,NA,ENST00000270142.11,p.Thr55Arg,p.Thr55Arg,c.164C>G,missense_variant,,,,6,1611418,0.000003723428682067595,0,0,PASS,nfe,0.0000012399999999999998,24.5,0.916,0.0600,-0.0600,8.87,0.0100,0.561,0,74990,0,0,0,60014,0,0,0,29556,0,0,0,44844,0,0,0,63984,0,0,0,6042,0,0,5,1177632,0,0,0,912,0,0,0,91044,0,0,1,62400,0,0
21-31663884-C-T,21,31663884,rs2049570429,C,T,gnomAD Exomes,PASS,NA,ENST00000270142.11,p.Ala56Val,p.Ala56Val,c.167C>T,missense_variant,,,,1,1610564,6.209005044195698e-7,0,0,PASS,,,23.8,0.411,0.380,-0.410,1.37,0.00,0.00,0,74970,0,0,0,60004,0,0,0,29554,0,0,0,44844,0,0,0,63994,0,0,0,6040,0,0,1,1176838,0,0,0,912,0,0,0,91030,0,0,0,62378,0,0
21-31666452-G-C,21,31666452,,G,C,gnomAD Exomes,PASS,NA,ENST00000270142.11,p.Cys58Ser,p.Cys58Ser,c.173G>C,missense_variant,,,,1,1608402,6.217351134853103e-7,0,0,PASS,,,27.1,0.917,0.0100,0.00,8.79,0.00,0.532,0,74918,0,0,0,59946,0,0,0,29526,0,0,0,44852,0,0,0,63938,0,0,0,6056,0,0,1,1175116,0,0,0,912,0,0,0,90856,0,0,0,62282,0,0
21-31666458-G-T,21,31666458,rs1413388444,G,T,gnomAD Exomes,PASS,NA,ENST00000270142.11,p.Ser60Ile,p.Ser60Ile,c.179G>T,missense_variant,Uncertain significance,1678021,,1,1611038,6.207178229191366e-7,0,0,PASS,,,27.2,0.935,0.110,0.100,4.15,0.00,0.979,0,74968,0,0,0,59968,0,0,0,29534,0,0,0,44862,0,0,0,63962,0,0,0,6060,0,0,1,1177466,0,0,0,912,0,0,0,90922,0,0,0,62384,0,0
21-31666458-G-A,21,31666458,rs1413388444,G,A,gnomAD Genomes,NA,PASS,ENST00000270142.11,p.Ser60Asn,p.Ser60Asn,c.179G>A,missense_variant,Uncertain significance,2918340,,1,1610918,6.207640612371331e-7,0,0,PASS,,,25.4,0.884,0.0200,0.0300,4.15,0.00,0.857,1,74846,0,0,0,59948,0,0,0,29534,0,0,0,44874,0,0,0,63962,0,0,0,6082,0,0,0,1177472,0,0,0,912,0,0,0,90926,0,0,0,62362,0,0
21-31666460-G-A,21,31666460,,G,A,gnomAD Exomes,PASS,NA,ENST00000270142.11,p.Ala61Thr,p.Ala61Thr,c.181G>A,missense_variant,,,,2,1611214,0.0000012413000383561712,0,0,PASS,nfe,2.8000000000000007e-7,25.9,0.871,0.00,0.0100,8.79,0.250,1.00,0,74960,0,0,0,59956,0,0,0,29536,0,0,0,44868,0,0,0,63954,0,0,0,6062,0,0,2,1177664,0,0,0,912,0,0,0,90922,0,0,0,62380,0,0
21-31666461-C-T,21,31666461,,C,T,gnomAD Exomes,PASS,NA,ENST00000270142.11,p.Ala61Val,p.Ala61Val,c.182C>T,missense_variant,,,,2,1611254,0.0000012412692226054986,0,0,PASS,nfe,2.8000000000000007e-7,32.0,0.921,0.110,-0.260,8.90,0.0400,1.00,0,74970,0,0,0,59974,0,0,0,29538,0,0,0,44864,0,0,0,63986,0,0,0,6058,0,0,2,1177624,0,0,0,910,0,0,0,90934,0,0,0,62396,0,0
21-31666461-C-A,21,31666461,rs1378635853,C,A,gnomAD Exomes,PASS,NA,ENST00000270142.11,p.Ala61Glu,p.Ala61Glu,c.182C>A,missense_variant,,,,1,1611254,6.206346113027493e-7,0,0,PASS,,,27.1,0.944,0.0500,0.0100,8.90,0.00,1.00,0,74970,0,0,0,59974,0,0,0,29538,0,0,0,44864,0,0,0,63986,0,0,0,6058,0,0,1,1177624,0,0,0,910,0,0,0,90934,0,0,0,62396,0,0
21-31666472-T-C,21,31666472,rs1030039318,T,C,gnomAD Genomes,NA,PASS,ENST00000270142.11,p.Phe65Leu,p.Phe65Leu,c.193T>C,missense_variant,Conflicting classifications of pathogenicity,1200656,,2,1612868,0.0000012400270821914752,0,0,PASS,,,29.6,0.968,0.0300,0.00,6.36,0.0100,0.951,1,74910,0,0,0,59966,0,0,0,29554,0,0,0,44888,0,0,0,64030,0,0,0,6084,0,0,1,1179106,0,0,0,912,0,0,0,90982,0,0,0,62436,0,0
21-31666476-A-G,21,31666476,rs1568810275,A,G,"gnomAD Exomes,gnomAD Genomes",PASS,PASS,ENST00000270142.11,p.Asn66Ser,p.Asn66Ser,c.197A>G,missense_variant,Pathogenic/Likely pathogenic,1709733,,2,1613000,0.0000012399256044637322,0,0,PASS,,,26.5,0.942,0.00,-0.0600,6.33,0.0200,0.998,0,74888,0,0,0,59960,0,0,0,29562,0,0,0,44880,0,0,0,64026,0,0,0,6084,0,0,1,1179262,0,0,0,912,0,0,0,90982,0,0,1,62444,0,0
21-31666481-C-G,21,31666481,,C,G,gnomAD Exomes,PASS,NA,ENST00000270142.11,p.Leu68Val,p.Leu68Val,c.202C>G,missense_variant,,,,1,1613074,6.199343613498203e-7,0,0,PASS,,,9.81,0.385,0.0100,0.00,2.38,0.490,0.0270,0,75024,0,0,0,59978,0,0,0,29562,0,0,0,44868,0,0,0,64008,0,0,0,6062,0,0,1,1179206,0,0,0,912,0,0,0,90980,0,0,0,62474,0,0
21-31666484-T-C,21,31666484,rs2049594204,T,C,gnomAD Exomes,PASS,NA,ENST00000270142.11,p.Ser69Pro,p.Ser69Pro,c.205T>C,missense_variant,Likely pathogenic,873197,,1,1613076,6.199335927135486e-7,0,0,PASS,,,23.1,0.593,0.00,0.00,-0.0120,0.0100,0.719,0,75000,0,0,0,59972,0,0,0,29556,0,0,0,44874,0,0,0,64038,0,0,0,6062,0,0,1,1179214,0,0,0,910,0,0,0,90970,0,0,0,62480,0,0
21-31666485-C-A,21,31666485,rs778327622,C,A,gnomAD Exomes,PASS,NA,ENST00000270142.11,p.Ser69Tyr,p.Ser69Tyr,c.206C>A,missense_variant,,,,2,1612926,0.0000012399824914472208,0,0,PASS,,,23.4,0.516,0.0100,-0.0600,1.29,0.00,0.935,1,74992,0,0,0,59988,0,0,0,29558,0,0,1,44866,0,0,0,64022,0,0,0,6058,0,0,0,1179086,0,0,0,912,0,0,0,90972,0,0,0,62472,0,0
21-31666485-C-T,21,31666485,rs778327622,C,T,gnomAD Exomes,PASS,NA,ENST00000270142.11,p.Ser69Phe,p.Ser69Phe,c.206C>T,missense_variant,,,,2,1612926,0.0000012399824914472208,0,0,PASS,nfe,2.8000000000000007e-7,23.8,0.500,0.0200,-0.0800,1.29,0.00,0.837,0,74992,0,0,0,59988,0,0,0,29558,0,0,0,44866,0,0,0,64022,0,0,0,6058,0,0,2,1179086,0,0,0,912,0,0,0,90972,0,0,0,62472,0,0
21-31666495-C-A,21,31666495,,C,A,gnomAD Exomes,PASS,NA,ENST00000270142.11,p.His72Gln,p.His72Gln,c.216C>A,missense_variant,,,,2,1612260,0.000001240494709290065,0,0,PASS,nfe,2.8000000000000007e-7,22.7,0.887,0.290,0.220,-3.96,0.00,0.999,0,74998,0,0,0,59982,0,0,0,29548,0,0,0,44866,0,0,0,64010,0,0,0,6058,0,0,2,1178504,0,0,0,912,0,0,0,90936,0,0,0,62446,0,0
21-31666496-G-A,21,31666496,rs121912455,G,A,gnomAD Exomes,PASS,NA,ENST00000270142.11,p.Gly73Ser,p.Gly73Ser,c.217G>A,missense_variant,Likely pathogenic,14779,,7,1612564,0.000004340912980818126,0,0,PASS,nfe,0.00000183,28.9,0.927,0.00,-0.0300,8.79,0.00,0.767,0,74970,0,0,0,59978,0,0,0,29556,0,0,0,44856,0,0,0,63998,0,0,0,6058,0,0,6,1178818,0,0,0,912,0,0,0,90962,0,0,1,62456,0,0
21-31666496-G-T,21,31666496,rs121912455,G,T,gnomAD Exomes,PASS,NA,ENST00000270142.11,p.Gly73Cys,p.Gly73Cys,c.217G>T,missense_variant,,,,22,1612564,0.000013642869368285537,0,0,PASS,nfe,0.00001145,31.0,0.948,0.00,-0.0500,8.79,0.00,1.00,0,74970,0,0,0,59978,0,0,0,29556,0,0,0,44856,0,0,0,63998,0,0,0,6058,0,0,21,1178818,0,0,0,912,0,0,0,90962,0,0,1,62456,0,0
21-31666497-G-C,21,31666497,,G,C,gnomAD Exomes,PASS,NA,ENST00000270142.11,p.Gly73Ala,p.Gly73Ala,c.218G>C,missense_variant,,,,1,1612598,6.201173510075047e-7,0,0,PASS,,,23.7,0.650,0.0100,0.00,7.04,0.0400,0.173,0,74998,0,0,0,59990,0,0,0,29558,0,0,0,44860,0,0,0,64014,0,0,0,6060,0,0,1,1178790,0,0,0,912,0,0,0,90960,0,0,0,62456,0,0
21-31666500-G-A,21,31666500,,G,A,gnomAD Exomes,PASS,NA,ENST00000270142.11,p.Gly74Glu,p.Gly74Glu,c.221G>A,missense_variant,,,,1,1612196,6.20271976856412e-7,0,0,PASS,,,26.7,0.885,0.420,0.360,7.02,0.0500,1.00,0,74950,0,0,0,59976,0,0,0,29558,0,0,0,44858,0,0,0,64002,0,0,0,6060,0,0,1,1178500,0,0,0,912,0,0,0,90938,0,0,0,62442,0,0
21-31666508-G-T,21,31666508,rs1601157750,G,T,gnomAD Exomes,PASS,NA,ENST00000270142.11,p.Asp77Tyr,p.Asp77Tyr,c.229G>T,missense_variant,Pathogenic/Likely pathogenic,805494,,3,1610712,0.0000018625303592448557,0,0,PASS,nfe,6.800000000000001e-7,26.2,0.883,0.0400,-0.110,5.83,0.00,0.995,0,74940,0,0,0,59966,0,0,0,29542,0,0,0,44862,0,0,0,64022,0,0,0,6058,0,0,3,1177128,0,0,0,912,0,0,0,90876,0,0,0,62406,0,0
21-31666508-G-A,21,31666508,,G,A,gnomAD Exomes,PASS,NA,ENST00000270142.11,p.Asp77Asn,p.Asp77Asn,c.229G>A,missense_variant,,,,1,1610712,6.208434530816185e-7,0,0,PASS,,,25.2,0.723,0.0100,-0.0300,5.83,0.0100,0.906,0,74940,0,0,0,59966,0,0,0,29542,0,0,0,44862,0,0,0,64022,0,0,0,6058,0,0,1,1177128,0,0,0,912,0,0,0,90876,0,0,0,62406,0,0
21-31667278-A-G,21,31667278,rs11556620,A,G,gnomAD Exomes,PASS,NA,ENST00000270142.11,p.Asn87Ser,p.Asn87Ser,c.260A>G,missense_variant,Pathogenic,468253,,2,1614054,0.0000012391159155765545,0,0,PASS,sas,0.0000036500000000000006,26.3,0.853,0.00,0.00,4.71,0.00,0.998,0,75064,0,0,0,60024,0,0,0,29604,0,0,0,44888,0,0,0,64040,0,0,0,6062,0,0,0,1179878,0,0,0,912,0,0,2,91080,0,0,0,62502,0,0
21-31667280-G-C,21,31667280,,G,C,gnomAD Exomes,PASS,NA,ENST00000270142.11,p.Val88Leu,p.Val88Leu,c.262G>C,missense_variant,,,,2,1614078,0.0000012390974909514907,0,0,PASS,,,26.8,0.790,0.00,0.00,8.80,0.0400,0.828,0,75054,0,0,0,60026,0,0,0,29604,0,0,0,44882,0,0,0,64034,0,0,0,6062,0,0,1,1179920,0,0,0,912,0,0,1,91080,0,0,0,62504,0,0
21-31667284-C-T,21,31667284,rs2049602581,C,T,gnomAD Genomes,NA,PASS,ENST00000270142.11,p.Thr89Ile,p.Thr89Ile,c.266C>T,missense_variant,,,,1,1613980,6.195863641432979e-7,0,0,PASS,,,13.1,0.392,0.00,0.00,0.0160,,,0,74936,0,0,0,60006,0,0,0,29602,0,0,0,44890,0,0,0,64030,0,0,0,6084,0,0,1,1179952,0,0,0,912,0,0,0,91082,0,0,0,62486,0,0
21-31667286-G-A,21,31667286,rs1568810660,G,A,gnomAD Exomes,PASS,NA,ENST00000270142.11,p.Ala90Thr,p.Ala90Thr,c.268G>A,missense_variant,Conflicting classifications of pathogenicity,567744,,1,1614110,6.195364628185191e-7,0,0,PASS,,,25.1,0.820,0.00,0.00,4.97,0.170,0.976,0,75042,0,0,0,60022,0,0,0,29604,0,0,0,44880,0,0,0,64040,0,0,0,6062,0,0,1,1179962,0,0,0,912,0,0,0,91080,0,0,0,62506,0,0
21-31667287-C-T,21,31667287,rs1280042397,C,T,"gnomAD Exomes,gnomAD Genomes",PASS,PASS,ENST00000270142.11,p.Ala90Val,p.Ala90Val,c.269C>T,missense_variant,Pathogenic/Likely pathogenic,1191297,,9,1613954,0.000005576367108356248,0,0,PASS,nfe,2.8000000000000007e-7,27.0,0.828,0.00,0.00,8.90,0.0400,0.985,0,74914,0,0,0,60012,0,0,0,29600,0,0,0,44888,0,0,6,64034,0,0,0,6084,0,0,2,1179948,0,0,0,912,0,0,0,91080,0,0,1,62482,0,0
21-31667289-G-A,21,31667289,rs1343616996,G,A,gnomAD Exomes,PASS,NA,ENST00000270142.11,p.Asp91Asn,p.Asp91Asn,c.271G>A,missense_variant,,,,2,1614126,0.0000012390606433450672,0,0,PASS,nfe,2.8000000000000007e-7,17.6,0.349,0.00,0.00,4.97,0.370,0.00,0,75046,0,0,0,60022,0,0,0,29604,0,0,0,44884,0,0,0,64044,0,0,0,6062,0,0,2,1179968,0,0,0,912,0,0,0,91076,0,0,0,62508,0,0
21-31667290-A-C,21,31667290,rs80265967,A,C,"gnomAD Exomes,gnomAD Genomes",PASS,PASS,ENST00000270142.11,p.Asp91Ala,p.Asp91Ala,c.272A>C,missense_variant,Conflicting classifications of pathogenicity,14766,,1538,1614112,0.0009528458991693266,4,0,PASS,nfe,0.00057614,14.8,0.555,0.00,0.00,0.0140,0.0400,0.00100,3,75048,0,0,3,60012,0,0,2,29604,0,0,0,44886,0,0,715,64028,4,0,3,6062,0,0,724,1179972,0,0,0,910,0,0,53,91082,0,0,35,62508,0,0
21-31667292-A-G,21,31667292,rs1345907062,A,G,gnomAD Exomes,PASS,NA,ENST00000270142.11,p.Lys92Glu,p.Lys92Glu,c.274A>G,missense_variant,,,,4,1614142,0.0000024780967225931795,0,0,PASS,,,9.44,0.392,0.00,0.00,-0.743,0.590,0.00300,0,75048,0,0,0,60028,0,0,0,29600,0,0,0,44882,0,0,3,64046,0,0,0,6062,0,0,1,1179978,0,0,0,912,0,0,0,91082,0,0,0,62504,0,0
21-31667294-A-T,21,31667294,,A,T,gnomAD Exomes,PASS,NA,ENST00000270142.11,p.Lys92Asn,p.Lys92Asn,c.276A>T,missense_variant,,,,1,1614134,6.195272511451961e-7,0,0,PASS,,,7.50,0.289,0.00,0.00,-1.67,0.160,0.202,0,75046,0,0,0,60022,0,0,0,29602,0,0,0,44886,0,0,0,64042,0,0,0,6062,0,0,1,1179980,0,0,0,912,0,0,0,91076,0,0,0,62506,0,0
21-31667295-G-C,21,31667295,,G,C,gnomAD Exomes,PASS,NA,ENST00000270142.11,p.Asp93His,p.Asp93His,c.277G>C,missense_variant,,,,2,1614140,0.0000012390498965393337,0,0,PASS,sas,0.0000036500000000000006,22.1,0.535,0.00,0.00,0.468,0.0200,0.797,0,75048,0,0,0,60022,0,0,0,29600,0,0,0,44882,0,0,0,64040,0,0,0,6062,0,0,0,1179990,0,0,0,912,0,0,2,91078,0,0,0,62506,0,0
21-31667296-A-G,21,31667296,rs774994509,A,G,gnomAD Exomes,PASS,NA,ENST00000270142.11,p.Asp93Gly,p.Asp93Gly,c.278A>G,missense_variant,,,,8,1614174,0.000004956095191720347,0,0,PASS,nfe,0.00000183,22.2,0.532,0.00,0.00,2.92,0.0800,0.0180,0,75062,0,0,0,60028,0,0,0,29600,0,0,1,44886,0,0,0,64040,0,0,0,6062,0,0,6,1180000,0,0,0,910,0,0,0,91080,0,0,1,62506,0,0
21-31667299-G-A,21,31667299,rs121912438,G,A,gnomAD Exomes,PASS,NA,ENST00000270142.11,p.Gly94Asp,p.Gly94Asp,c.281G>A,missense_variant,Pathogenic,1072003,,1,1614144,6.195234130288251e-7,0,0,PASS,,,25.0,0.906,0.00,0.00,8.80,0.00,0.997,0,75042,0,0,0,60020,0,0,0,29606,0,0,0,44884,0,0,0,64032,0,0,0,6062,0,0,1,1180002,0,0,0,912,0,0,0,91082,0,0,0,62502,0,0
21-31667302-T-C,21,31667302,rs202198235,T,C,gnomAD Exomes,PASS,NA,ENST00000270142.11,p.Val95Ala,p.Val95Ala,c.284T>C,missense_variant,,,,7,1614152,0.0000043366423979897805,0,0,PASS,nfe,0.00000247,20.7,0.709,0.00,0.00,1.37,0.130,0.713,0,75064,0,0,0,60024,0,0,0,29596,0,0,0,44882,0,0,0,64044,0,0,0,6062,0,0,7,1179980,0,0,0,912,0,0,0,91080,0,0,0,62508,0,0
21-31667304-G-A,21,31667304,rs1568810686,G,A,gnomAD Exomes,PASS,NA,ENST00000270142.11,p.Ala96Thr,p.Ala96Thr,c.286G>A,missense_variant,Likely pathogenic,2197104,,1,1614112,6.195356951686129e-7,0,0,PASS,,,23.9,0.776,0.00,0.00,7.04,0.0900,1.00,0,75038,0,0,0,60020,0,0,1,29606,0,0,0,44884,0,0,0,64030,0,0,0,6062,0,0,0,1179978,0,0,0,912,0,0,0,91076,0,0,0,62506,0,0
21-31667305-C-T,21,31667305,rs1568810690,C,T,gnomAD Exomes,PASS,NA,ENST00000270142.11,p.Ala96Val,p.Ala96Val,c.287C>T,missense_variant,Uncertain significance,1430718,,7,1614092,0.000004336803602272981,0,0,PASS,nfe,0.00000247,24.7,0.844,0.00,0.00,5.97,0.0500,1.00,0,75030,0,0,0,60022,0,0,0,29602,0,0,0,44880,0,0,0,64018,0,0,0,6062,0,0,7,1179984,0,0,0,912,0,0,0,91072,0,0,0,62510,0,0
21-31667307-G-C,21,31667307,,G,C,gnomAD Exomes,PASS,NA,ENST00000270142.11,p.Asp97His,p.Asp97His,c.289G>C,missense_variant,,,,1,1614090,6.195441394222132e-7,0,0,PASS,,,0.721,0.369,0.00,0.00,-10.9,0.140,0.446,0,75030,0,0,0,60018,0,0,0,29606,0,0,0,44882,0,0,0,64032,0,0,0,6062,0,0,0,1179958,0,0,0,912,0,0,0,91084,0,0,1,62506,0,0
21-31667307-G-A,21,31667307,rs121912459,G,A,gnomAD Exomes,PASS,NA,ENST00000270142.11,p.Asp97Asn,p.Asp97Asn,c.289G>A,missense_variant,Uncertain significance,14783,,16,1614090,0.000009912706230755411,0,0,PASS,sas,0.000014250000000000002,0.0230,0.321,0.00,0.00,-10.9,0.290,0.00,1,75030,0,0,0,60018,0,0,0,29606,0,0,1,44882,0,0,1,64032,0,0,0,6062,0,0,9,1179958,0,0,0,912,0,0,4,91084,0,0,0,62506,0,0
21-31667308-A-T,21,31667308,rs1555836803,A,T,gnomAD Exomes,PASS,NA,ENST00000270142.11,p.Asp97Val,p.Asp97Val,c.290A>T,missense_variant,Likely pathogenic,692200,,2,1614118,0.0000012390667844606156,0,0,PASS,sas,0.0000036500000000000006,0.0330,0.530,0.00,0.00,-3.84,0.160,0.00100,0,75042,0,0,0,60016,0,0,0,29600,0,0,0,44886,0,0,0,64020,0,0,0,6062,0,0,0,1179990,0,0,0,912,0,0,2,91086,0,0,0,62504,0,0
21-31667309-T-A,21,31667309,rs111229903,T,A,"gnomAD Exomes,gnomAD Genomes",PASS,PASS,ENST00000270142.11,p.Asp97Glu,p.Asp97Glu,c.291T>A,missense_variant,,,,2,1614200,0.0000012390038409119069,0,0,PASS,afr,0.00000442,0.00100,0.312,0.00,0.00,-9.58,0.660,0.00,2,75060,0,0,0,60022,0,0,0,29606,0,0,0,44890,0,0,0,64042,0,0,0,6062,0,0,0,1180018,0,0,0,912,0,0,0,91080,0,0,0,62508,0,0
21-31667310-G-A,21,31667310,rs1555836806,G,A,"gnomAD Exomes,gnomAD Genomes",PASS,PASS,ENST00000270142.11,p.Val98Met,p.Val98Met,c.292G>A,missense_variant,,,,2,1614068,0.000001239105167812013,0,0,PASS,sas,0.0000036500000000000006,24.5,0.784,0.00,0.00,8.80,0.0300,0.943,0,74924,0,0,0,60016,0,0,0,29606,0,0,0,44898,0,0,0,64034,0,0,0,6084,0,0,0,1180022,0,0,0,912,0,0,2,91086,0,0,0,62486,0,0
21-31667316-A-G,21,31667316,rs760740095,A,G,gnomAD Exomes,PASS,NA,ENST00000270142.11,p.Ile100Val,p.Ile100Val,c.298A>G,missense_variant,,,,15,1614138,0.000009292885738394115,0,0,PASS,nfe,0.000005,8.23,0.633,0.00,0.00,0.282,0.0800,0.175,1,75022,0,0,0,60028,0,0,0,29602,0,0,0,44882,0,0,0,64032,0,0,0,6062,0,0,11,1180012,0,0,0,912,0,0,1,91078,0,0,2,62508,0,0
21-31667317-T-C,21,31667317,rs2049603184,T,C,"gnomAD Exomes,gnomAD Genomes",PASS,PASS,ENST00000270142.11,p.Ile100Thr,p.Ile100Thr,c.299T>C,missense_variant,,,,3,1614064,0.000001858662357874285,0,0,PASS,afr,0.00000443,22.4,0.735,0.00,0.00,2.97,0.0600,0.866,2,74932,0,0,0,60010,0,0,0,29604,0,0,0,44900,0,0,0,64050,0,0,0,6084,0,0,1,1180008,0,0,0,912,0,0,0,91078,0,0,0,62486,0,0
21-31667325-T-A,21,31667325,,T,A,gnomAD Exomes,PASS,NA,ENST00000270142.11,p.Ser103Thr,p.Ser103Thr,c.307T>A,missense_variant,,,,7,1614174,0.000004336583292755304,0,0,PASS,nfe,0.00000247,0.0520,0.375,0.00,0.00,-4.04,0.190,0.00500,0,75048,0,0,0,60030,0,0,0,29602,0,0,0,44888,0,0,0,64040,0,0,0,6062,0,0,7,1180010,0,0,0,912,0,0,0,91078,0,0,0,62504,0,0
21-31667326-C-T,21,31667326,,C,T,gnomAD Exomes,PASS,NA,ENST00000270142.11,p.Ser103Phe,p.Ser103Phe,c.308C>T,missense_variant,,,,1,1614126,6.195303216725336e-7,0,0,PASS,,,18.2,0.490,0.00,0.00,1.34,0.110,0.813,0,75038,0,0,0,60028,0,0,0,29604,0,0,1,44884,0,0,0,64030,0,0,0,6062,0,0,0,1179986,0,0,0,912,0,0,0,91084,0,0,0,62498,0,0
21-31667331-A-G,21,31667331,,A,G,gnomAD Exomes,PASS,NA,ENST00000270142.11,p.Ile105Val,p.Ile105Val,c.313A>G,missense_variant,,,,2,1614104,0.0000012390775315593048,1,0,PASS,sas,0.0000036500000000000006,22.9,0.621,0.00,0.00,6.33,0.150,0.603,0,75052,0,0,0,60026,0,0,0,29602,0,0,0,44886,0,0,0,64030,0,0,0,6062,0,0,0,1179960,0,0,0,912,0,0,2,91072,1,0,0,62502,0,0
21-31667331-ATCTCAC-A,21,31667331,rs2123435528,ATCTCAC,A,gnomAD Exomes,PASS,NA,ENST00000270142.11,p.Leu107_Ser108del,p.Leu107_Ser108del,c.319_324del,inframe_deletion,Uncertain significance,1409985,,1,1614104,6.195387657796524e-7,0,0,PASS,,,18.8,,0.0100,0.00,6.33,,,0,75052,0,0,0,60026,0,0,0,29602,0,0,0,44886,0,0,0,64030,0,0,0,6062,0,0,1,1179960,0,0,0,912,0,0,0,91072,0,0,0,62502,0,0
21-31667332-T-C,21,31667332,rs957386804,T,C,gnomAD Exomes,PASS,NA,ENST00000270142.11,p.Ile105Thr,p.Ile105Thr,c.314T>C,missense_variant,,,,1,1614138,6.19525715892941e-7,0,0,PASS,,,26.4,0.917,0.00,0.00,6.36,0.00,0.998,0,75042,0,0,0,60030,0,0,0,29600,0,0,0,44886,0,0,0,64040,0,0,0,6062,0,0,1,1179978,0,0,0,912,0,0,0,91084,0,0,0,62504,0,0
21-31667344-G-A,21,31667344,rs1359299834,G,A,gnomAD Exomes,PASS,NA,ENST00000270142.11,p.Gly109Glu,p.Gly109Glu,c.326G>A,missense_variant,,,,1,1613904,6.196155409491519e-7,0,0,PASS,,,26.6,0.898,0.00,0.00,8.73,0.00,1.00,0,75032,0,0,0,60022,0,0,0,29600,0,0,0,44878,0,0,0,64034,0,0,0,6062,0,0,1,1179802,0,0,0,912,0,0,0,91076,0,0,0,62486,0,0
21-31667346-G-T,21,31667346,rs567432143,G,T,"gnomAD Exomes,gnomAD Genomes",PASS,PASS,ENST00000270142.11,p.Asp110Tyr,p.Asp110Tyr,c.328G>T,missense_variant,Uncertain significance,899185,,57,1613700,0.00003532255065997397,0,0,PASS,nfe,0.00003667,17.5,0.612,0.00,0.00,0.186,0.00,0.282,0,74930,0,0,0,60010,0,0,0,29598,0,0,0,44898,0,0,0,64032,0,0,0,6084,0,0,55,1179704,0,0,0,912,0,0,0,91070,0,0,2,62462,0,0
21-31667348-C-G,21,31667348,rs761014216,C,G,gnomAD Exomes,PASS,NA,ENST00000270142.11,p.Asp110Glu,p.Asp110Glu,c.330C>G,missense_variant,,,,1,1613308,6.198444438383743e-7,0,0,PASS,,,0.00600,0.239,0.00,0.00,-3.91,0.440,0.00,0,74984,0,0,0,60012,0,0,0,29598,0,0,0,44884,0,0,0,64032,0,0,0,6062,0,0,1,1179300,0,0,0,910,0,0,0,91068,0,0,0,62458,0,0
21-31667349-C-T,21,31667349,rs2049603707,C,T,gnomAD Exomes,PASS,NA,ENST00000270142.11,p.His111Tyr,p.His111Tyr,c.331C>T,missense_variant,Uncertain significance,989369,,3,1613208,0.0000018596486008003928,0,0,PASS,eas,0.000007390000000000001,3.99,0.185,0.00,0.00,-0.0710,0.170,0.00300,0,75032,0,0,0,60016,0,0,0,29600,0,0,2,44876,0,0,0,64030,0,0,0,6060,0,0,1,1179162,0,0,0,910,0,0,0,91068,0,0,0,62454,0,0
21-31667349-C-G,21,31667349,rs2049603707,C,G,gnomAD Exomes,PASS,NA,ENST00000270142.11,p.His111Asp,p.His111Asp,c.331C>G,missense_variant,,,,3,1613208,0.0000018596486008003928,0,0,PASS,nfe,6.800000000000001e-7,5.84,0.233,0.00,0.00,-0.0710,0.0700,0.00500,0,75032,0,0,0,60016,0,0,0,29600,0,0,0,44876,0,0,0,64030,0,0,0,6060,0,0,3,1179162,0,0,0,910,0,0,0,91068,0,0,0,62454,0,0
21-31667353-G-C,21,31667353,rs1601158483,G,C,gnomAD Exomes,PASS,NA,ENST00000270142.11,p.Cys112Ser,p.Cys112Ser,c.335G>C,missense_variant,,,,1,1613140,6.199089973591877e-7,0,0,PASS,,,14.6,0.358,0.00,0.00,7.07,1.00,0.00,0,75036,0,0,0,60018,0,0,0,29602,0,0,0,44876,0,0,0,64018,0,0,0,6060,0,0,1,1179116,0,0,0,912,0,0,0,91046,0,0,0,62456,0,0
21-31667353-G-A,21,31667353,rs1601158483,G,A,gnomAD Exomes,PASS,NA,ENST00000270142.11,p.Cys112Tyr,p.Cys112Tyr,c.335G>A,missense_variant,Pathogenic,2138376,,1,1613140,6.199089973591877e-7,0,0,PASS,,,22.8,0.653,0.00,0.00,7.07,0.00,0.282,0,75036,0,0,0,60018,0,0,0,29602,0,0,0,44876,0,0,0,64018,0,0,0,6060,0,0,1,1179116,0,0,0,912,0,0,0,91046,0,0,0,62456,0,0
21-31667359-T-C,21,31667359,rs121912441,T,C,"gnomAD Exomes,gnomAD Genomes",PASS,PASS,ENST00000270142.11,p.Ile114Thr,p.Ile114Thr,c.341T>C,missense_variant,Pathogenic/Likely pathogenic,197145,,34,1611670,0.00002109613010107528,0,0,PASS,nfe,0.00001807,27.4,0.985,0.0100,0.00,6.31,0.0400,0.990,0,74898,0,0,0,59996,0,0,0,29592,0,0,0,44880,0,0,0,64048,0,0,0,6080,0,0,30,1177824,0,0,0,912,0,0,2,91042,0,0,2,62398,0,0
21-31667360-T-G,21,31667360,rs750335577,T,G,gnomAD Exomes,PASS,NA,ENST00000270142.11,p.Ile114Met,p.Ile114Met,c.342T>G,missense_variant,Likely pathogenic,2018599,,2,1611572,0.000001241024291809488,0,0,PASS,,,23.2,0.868,0.00,0.00,0.133,0.0500,0.992,0,75010,0,0,1,60014,0,0,0,29596,0,0,0,44866,0,0,0,64050,0,0,0,6054,0,0,0,1177612,0,0,0,910,0,0,1,91044,0,0,0,62416,0,0
21-31667362-G-A,21,31667362,,G,A,gnomAD Exomes,PASS,NA,ENST00000270142.11,p.Gly115Asp,p.Gly115Asp,c.344G>A,missense_variant,,,,1,1610380,6.209714477328333e-7,0,0,PASS,,,27.9,0.970,0.00,0.00,8.73,0.0300,1.00,0,74990,0,0,0,60008,0,0,0,29584,0,0,0,44860,0,0,0,64026,0,0,0,6056,0,0,1,1176558,0,0,0,912,0,0,0,91002,0,0,0,62384,0,0
21-31667364-C-T,21,31667364,rs1301635320,C,T,gnomAD Exomes,PASS,NA,ENST00000270142.11,p.Arg116Cys,p.Arg116Cys,c.346C>T,missense_variant,Conflicting classifications of pathogenicity,1678083,,8,1609520,0.000004970425965505244,0,0,PASS,sas,0.0000036500000000000006,28.6,0.980,0.00,0.00,5.99,0.0200,1.00,0,74940,0,0,0,59994,0,0,0,29578,0,0,1,44856,0,0,0,64030,0,0,0,6052,0,0,5,1175792,0,0,0,912,0,0,2,91000,0,0,0,62366,0,0
21-31667365-G-A,21,31667365,rs1240334553,G,A,"gnomAD Exomes,gnomAD Genomes",PASS,PASS,ENST00000270142.11,p.Arg116His,p.Arg116His,c.347G>A,missense_variant,Conflicting classifications of pathogenicity,2442105,,3,1607078,0.0000018667420000771587,0,0,PASS,nfe,2.8000000000000007e-7,26.1,0.952,0.0100,0.00,5.90,0.100,1.00,0,74808,0,0,0,59994,0,0,0,29562,0,0,1,44870,0,0,0,64026,0,0,0,6068,0,0,2,1173626,0,0,0,912,0,0,0,90960,0,0,0,62252,0,0
21-31668471-G-C,21,31668471,rs1457889952,G,C,gnomAD Exomes,PASS,NA,ENST00000270142.11,p.Val120Leu,p.Val120Leu,c.358G>C,missense_variant,Likely pathogenic,1489352,,2,1612832,0.0000012400547608182376,0,0,PASS,amr,0.00000553,25.1,0.785,0.0200,-0.180,4.92,0.0100,0.228,0,74996,0,0,2,60012,0,0,0,29584,0,0,0,44862,0,0,0,64000,0,0,0,6056,0,0,0,1178888,0,0,0,912,0,0,0,91064,0,0,0,62458,0,0
21-31668475-A-G,21,31668475,rs1410925719,A,G,gnomAD Exomes,PASS,NA,ENST00000270142.11,p.His121Arg,p.His121Arg,c.362A>G,missense_variant,,,,2,1613648,0.000001239427681873618,0,0,PASS,amr,0.00000553,27.1,0.967,0.00,0.00,6.33,0.0100,1.00,0,75056,0,0,2,60028,0,0,0,29596,0,0,0,44864,0,0,0,64018,0,0,0,6060,0,0,0,1179542,0,0,0,912,0,0,0,91084,0,0,0,62488,0,0
21-31668478-A-G,21,31668478,rs1555836922,A,G,gnomAD Exomes,PASS,NA,ENST00000270142.11,p.Glu122Gly,p.Glu122Gly,c.365A>G,missense_variant,,,,2,1613720,0.0000012393723818258434,0,0,PASS,,,26.1,0.928,0.0100,0.00,6.33,0.0900,0.949,0,75056,0,0,0,60032,0,0,0,29596,0,0,1,44854,0,0,0,64020,0,0,0,6060,0,0,0,1179618,0,0,0,912,0,0,1,91080,0,0,0,62492,0,0
21-31668481-AAGC-A,21,31668481,,AAGC,A,gnomAD Exomes,PASS,NA,ENST00000270142.11,p.Ala124del,p.Ala124del,c.371_373del,inframe_deletion,,,,1,1613872,6.196278267421456e-7,0,0,PASS,,,14.4,,0.00,0.0200,6.33,,,0,75046,0,0,0,60026,0,0,0,29594,0,0,0,44866,0,0,0,64026,0,0,0,6062,0,0,0,1179756,0,0,0,912,0,0,0,91084,0,0,1,62500,0,0
21-31668487-A-T,21,31668487,rs1568811366,A,T,gnomAD Exomes,PASS,NA,ENST00000270142.11,p.Asp125Val,p.Asp125Val,c.374A>T,missense_variant,Pathogenic/Likely pathogenic,1067619,,6,1613948,0.0000037175918926756003,0,0,PASS,nfe,0.00000183,31.0,0.986,0.0100,-0.0400,2.33,0.00,1.00,0,75042,0,0,0,60032,0,0,0,29598,0,0,0,44870,0,0,0,64028,0,0,0,6062,0,0,6,1179822,0,0,0,912,0,0,0,91080,0,0,0,62502,0,0
21-31668488-T-A,21,31668488,,T,A,gnomAD Exomes,PASS,NA,ENST00000270142.11,p.Asp125Glu,p.Asp125Glu,c.375T>A,missense_variant,,,,1,1613904,6.196155409491519e-7,0,0,PASS,,,25.1,0.909,0.00,0.00,0.524,0.00,1.00,0,75026,0,0,0,60020,0,0,0,29600,0,0,0,44868,0,0,0,64018,0,0,0,6062,0,0,1,1179810,0,0,0,912,0,0,0,91082,0,0,0,62506,0,0
21-31668495-G-A,21,31668495,,G,A,gnomAD Exomes,PASS,NA,ENST00000270142.11,p.Gly128Ser,p.Gly128Ser,c.382G>A,missense_variant,,,,1,1613872,6.196278267421456e-7,0,0,PASS,,,29.7,0.888,0.00,0.00,8.80,0.00,1.00,0,75006,0,0,0,60016,0,0,0,29602,0,0,0,44866,0,0,0,64012,0,0,0,6062,0,0,1,1179820,0,0,0,912,0,0,0,91078,0,0,0,62498,0,0
21-31668498-A-G,21,31668498,,A,G,gnomAD Exomes,PASS,NA,ENST00000270142.11,p.Lys129Glu,p.Lys129Glu,c.385A>G,missense_variant,,,,2,1613986,0.0000012391681216565696,0,0,PASS,,,24.2,0.788,0.00,0.00,3.09,0.0500,0.542,0,75052,0,0,0,60026,0,0,0,29602,0,0,0,44868,0,0,0,64036,0,0,0,6062,0,0,0,1179844,0,0,0,912,0,0,1,91082,0,0,1,62502,0,0
21-31668501-G-A,21,31668501,rs1464048449,G,A,"gnomAD Exomes,gnomAD Genomes",PASS,PASS,ENST00000270142.11,p.Gly130Ser,p.Gly130Ser,c.388G>A,missense_variant,,,,10,1613822,0.000006196470242690954,0,0,PASS,amr,0.000054339999999999985,29.8,0.892,0.00,0.0100,8.80,0.00,1.00,0,74912,0,0,7,59996,0,0,0,29600,0,0,0,44878,0,0,0,64026,0,0,0,6084,0,0,3,1179854,0,0,0,910,0,0,0,91086,0,0,0,62476,0,0
21-31668504-G-A,21,31668504,,G,A,gnomAD Exomes,PASS,NA,ENST00000270142.11,p.Gly131Arg,p.Gly131Arg,c.391G>A,missense_variant,,,,1,1613958,6.195948097781974e-7,0,0,PASS,,,31.0,0.917,0.00,-0.180,5.89,0.0300,0.976,0,75024,0,0,0,60020,0,0,0,29600,0,0,0,44872,0,0,0,64024,0,0,0,6062,0,0,1,1179858,0,0,0,912,0,0,0,91086,0,0,0,62500,0,0
21-31668505-G-A,21,31668505,rs1169621300,G,A,"gnomAD Exomes,gnomAD Genomes",PASS,PASS,ENST00000270142.11,p.Gly131Glu,p.Gly131Glu,c.392G>A,missense_variant,,,,7,1613826,0.000004337518418962143,0,0,PASS,nfe,0.00000247,23.4,0.746,0.00,0.0600,2.04,0.0100,0.428,0,74914,0,0,0,59994,0,0,0,29600,0,0,0,44880,0,0,0,64020,0,0,0,6082,0,0,7,1179862,0,0,0,912,0,0,0,91080,0,0,0,62482,0,0
21-31668508-A-G,21,31668508,rs1447747586,A,G,"gnomAD Exomes,gnomAD Genomes",PASS,PASS,ENST00000270142.11,p.Asn132Ser,p.Asn132Ser,c.395A>G,missense_variant,,,,13,1613882,0.000008055111835933482,0,0,PASS,nfe,2.8000000000000007e-7,25.6,0.777,0.00,-0.0100,2.94,0.0200,0.574,0,74922,0,0,1,60004,0,0,0,29602,0,0,0,44882,0,0,10,64030,0,0,0,6084,0,0,2,1179874,0,0,0,912,0,0,0,91088,0,0,0,62484,0,0
21-31668509-TGAA-T,21,31668509,rs1568811423,TGAA,T,"gnomAD Exomes,gnomAD Genomes",PASS,PASS,ENST00000270142.11,p.Glu134del,p.Glu134del,c.400_402del,inframe_deletion,Uncertain significance,576569,,2,1613782,0.0000012393247662943323,0,0,PASS,,,20.5,,0.00,-0.110,0.422,,,1,74880,0,0,0,59998,0,0,0,29602,0,0,0,44878,0,0,0,64030,0,0,0,6084,0,0,1,1179838,0,0,0,912,0,0,0,91080,0,0,0,62480,0,0
21-31668513-G-A,21,31668513,rs2049618449,G,A,gnomAD Exomes,PASS,NA,ENST00000270142.11,p.Glu134Lys,p.Glu134Lys,c.400G>A,missense_variant,Likely pathogenic,873201,,1,1613980,6.195863641432979e-7,0,0,PASS,,,26.8,0.831,0.00,-0.0800,8.64,0.130,0.999,0,75042,0,0,0,60024,0,0,0,29602,0,0,0,44868,0,0,0,64028,0,0,0,6062,0,0,1,1179850,0,0,0,912,0,0,0,91090,0,0,0,62502,0,0
21-31668514-A-G,21,31668514,,A,G,gnomAD Exomes,PASS,NA,ENST00000270142.11,p.Glu134Gly,p.Glu134Gly,c.401A>G,missense_variant,Pathogenic,2138380,,1,1614010,6.195748477394811e-7,0,0,PASS,,,31.0,0.903,0.00,-0.0200,4.70,0.0500,1.00,0,75044,0,0,0,60032,0,0,0,29604,0,0,0,44872,0,0,0,64036,0,0,0,6062,0,0,1,1179858,0,0,0,912,0,0,0,91086,0,0,0,62504,0,0
21-31668515-A-C,21,31668515,,A,C,gnomAD Exomes,PASS,NA,ENST00000270142.11,p.Glu134Asp,p.Glu134Asp,c.402A>C,missense_variant,,,,1,1613994,6.195809897682395e-7,0,0,PASS,,,22.9,0.732,0.00,0.00,0.169,0.400,0.996,0,75034,0,0,1,60028,0,0,0,29602,0,0,0,44872,0,0,0,64038,0,0,0,6062,0,0,0,1179864,0,0,0,910,0,0,0,91080,0,0,0,62504,0,0
21-31668516-A-C,21,31668516,,A,C,gnomAD Exomes,PASS,NA,ENST00000270142.11,p.Ser135Arg,p.Ser135Arg,c.403A>C,missense_variant,,,,1,1614030,6.195671703747762e-7,0,0,PASS,,,29.0,0.981,0.00,0.0100,6.33,0.00,1.00,1,75058,0,0,0,60028,0,0,0,29600,0,0,0,44872,0,0,0,64032,0,0,0,6062,0,0,0,1179880,0,0,0,912,0,0,0,91084,0,0,0,62502,0,0
21-31668517-G-A,21,31668517,rs121912451,G,A,gnomAD Exomes,PASS,NA,ENST00000270142.11,p.Ser135Asn,p.Ser135Asn,c.404G>A,missense_variant,Pathogenic,14774,,1,1613944,6.196001843930149e-7,0,0,PASS,,,27.9,0.919,0.00,0.00,8.80,0.00,0.999,0,75040,0,0,0,60016,0,0,0,29604,0,0,1,44860,0,0,0,64030,0,0,0,6062,0,0,0,1179834,0,0,0,910,0,0,0,91088,0,0,0,62500,0,0
21-31668520-C-T,21,31668520,rs781031581,C,T,"gnomAD Exomes,gnomAD Genomes",PASS,PASS,ENST00000270142.11,p.Thr136Ile,p.Thr136Ile,c.407C>T,missense_variant,,,,44,1613796,0.000027264908327942316,0,0,PASS,nfe,0.00002827,16.7,0.555,0.00,-0.0400,3.36,0.120,0.136,0,74902,0,0,0,59986,0,0,0,29604,0,0,0,44878,0,0,0,64022,0,0,0,6084,0,0,44,1179848,0,0,0,908,0,0,0,91088,0,0,0,62476,0,0
21-31668522-A-C,21,31668522,,A,C,gnomAD Exomes,PASS,NA,ENST00000270142.11,p.Lys137Gln,p.Lys137Gln,c.409A>C,missense_variant,,,,1,1613998,6.195794542496335e-7,0,0,PASS,,,21.1,0.668,0.00,-0.0100,3.85,0.0700,0.0440,0,75040,0,0,0,60030,0,0,0,29604,0,0,0,44870,0,0,0,64034,0,0,0,6062,0,0,1,1179866,0,0,0,910,0,0,0,91078,0,0,0,62504,0,0
21-31668525-A-T,21,31668525,,A,T,gnomAD Exomes,PASS,NA,ENST00000270142.11,p.Thr138Ser,p.Thr138Ser,c.412A>T,missense_variant,,,,1,1614014,6.195733122513187e-7,0,0,PASS,,,26.4,0.962,0.00,0.0300,6.33,0.00,0.999,0,75042,0,0,0,60026,0,0,0,29604,0,0,0,44872,0,0,0,64042,0,0,0,6062,0,0,1,1179872,0,0,0,912,0,0,0,91082,0,0,0,62500,0,0
21-31668531-A-G,21,31668531,rs1568811471,A,G,gnomAD Exomes,PASS,NA,ENST00000270142.11,p.Asn140Asp,p.Asn140Asp,c.418A>G,missense_variant,,,,1,1613980,6.195863641432979e-7,0,0,PASS,,,27.3,0.906,0.00,0.0100,6.33,0.0200,0.999,0,75034,0,0,0,60026,0,0,0,29602,0,0,0,44868,0,0,0,64030,0,0,0,6062,0,0,1,1179868,0,0,0,908,0,0,0,91078,0,0,0,62504,0,0
21-31668533-C-A,21,31668533,rs1804449,C,A,gnomAD Exomes,PASS,NA,ENST00000270142.11,p.Asn140Lys,p.Asn140Lys,c.420C>A,missense_variant,Pathogenic,586635,,1,1613904,6.196155409491519e-7,0,0,PASS,,,20.2,0.871,0.00,-0.0200,-5.85,0.00,1.00,1,75028,0,0,0,60012,0,0,0,29604,0,0,0,44860,0,0,0,64010,0,0,0,6060,0,0,0,1179846,0,0,0,910,0,0,0,91082,0,0,0,62492,0,0
21-31668534-G-A,21,31668534,rs1217353001,G,A,gnomAD Exomes,PASS,NA,ENST00000270142.11,p.Ala141Thr,p.Ala141Thr,c.421G>A,missense_variant,,,,1,1613908,6.196140052592837e-7,0,0,PASS,,,27.2,0.927,0.00,-0.0300,4.92,0.0100,0.677,0,75010,0,0,0,60020,0,0,0,29602,0,0,0,44866,0,0,0,64010,0,0,0,6062,0,0,1,1179844,0,0,0,910,0,0,0,91080,0,0,0,62504,0,0
21-31668534-G-C,21,31668534,,G,C,gnomAD Exomes,PASS,NA,ENST00000270142.11,p.Ala141Pro,p.Ala141Pro,c.421G>C,missense_variant,Uncertain significance,3348117,,1,1613908,6.196140052592837e-7,0,0,PASS,,,28.4,0.967,0.00,-0.0200,4.92,0.00,0.995,0,75010,0,0,0,60020,0,0,0,29602,0,0,0,44866,0,0,0,64010,0,0,0,6062,0,0,1,1179844,0,0,0,910,0,0,0,91080,0,0,0,62504,0,0
21-31668541-G-A,21,31668541,rs1200970313,G,A,gnomAD Exomes,PASS,NA,ENST00000270142.11,p.Ser143Asn,p.Ser143Asn,c.428G>A,missense_variant,,,,1,1613982,6.195855963697241e-7,0,0,PASS,,,23.2,0.390,0.00,0.00,4.96,0.00,0.00100,0,75038,0,0,0,60020,0,0,0,29596,0,0,0,44868,0,0,0,64038,0,0,0,6062,0,0,1,1179862,0,0,0,910,0,0,0,91088,0,0,0,62500,0,0
21-31668543-C-A,21,31668543,,C,A,gnomAD Exomes,PASS,NA,ENST00000270142.11,p.Arg144Ser,p.Arg144Ser,c.430C>A,missense_variant,,,,1,1613914,6.196117017387543e-7,0,0,PASS,,,26.9,0.939,0.00,-0.0900,2.56,0.00,0.987,0,75026,0,0,0,60020,0,0,0,29602,0,0,0,44858,0,0,0,64026,0,0,0,6062,0,0,0,1179838,0,0,0,910,0,0,1,91074,0,0,0,62498,0,0
21-31668543-C-T,21,31668543,rs746397967,C,T,gnomAD Exomes,PASS,NA,ENST00000270142.11,p.Arg144Cys,p.Arg144Cys,c.430C>T,missense_variant,,,,5,1613914,0.000003098058508693772,0,0,PASS,nfe,6.800000000000001e-7,28.6,0.910,0.00,-0.0700,2.56,0.00,0.609,0,75026,0,0,0,60020,0,0,0,29602,0,0,1,44858,0,0,1,64026,0,0,0,6062,0,0,3,1179838,0,0,0,910,0,0,0,91074,0,0,0,62498,0,0
21-31668543-C-G,21,31668543,rs746397967,C,G,gnomAD Exomes,PASS,NA,ENST00000270142.11,p.Arg144Gly,p.Arg144Gly,c.430C>G,missense_variant,,,,3,1613914,0.000001858835105216263,0,0,PASS,nfe,2.8000000000000007e-7,27.1,0.942,0.00,-0.0500,2.56,0.0300,0.990,0,75026,0,0,0,60020,0,0,0,29602,0,0,0,44858,0,0,1,64026,0,0,0,6062,0,0,2,1179838,0,0,0,910,0,0,0,91074,0,0,0,62498,0,0
21-31668544-G-A,21,31668544,,G,A,gnomAD Exomes,PASS,NA,ENST00000270142.11,p.Arg144His,p.Arg144His,c.431G>A,missense_variant,,,,3,1613916,0.000001858832801707152,0,0,PASS,nfe,6.800000000000001e-7,29.9,0.948,0.00,-0.0200,7.04,0.0200,0.991,0,75036,0,0,0,60024,0,0,0,29600,0,0,0,44858,0,0,0,64020,0,0,0,6062,0,0,3,1179820,0,0,0,912,0,0,0,91082,0,0,0,62502,0,0
21-31668558-G-A,21,31668558,rs567511139,G,A,"gnomAD Exomes,gnomAD Genomes",PASS,PASS,ENST00000270142.11,p.Val149Ile,p.Val149Ile,c.445G>A,missense_variant,Likely pathogenic,1711542,,6,1613730,0.0000037180941049617964,0,0,PASS,eas,0.000029780000000000006,24.5,0.749,0.00,0.510,7.03,0.130,0.997,0,75040,0,0,0,60028,0,0,0,29600,0,0,4,44864,0,0,0,64030,0,0,0,6062,0,0,2,1179618,0,0,0,912,0,0,0,91074,0,0,0,62502,0,0
21-31668561-A-G,21,31668561,rs1169917994,A,G,gnomAD Exomes,PASS,NA,ENST00000270142.11,p.Ile150Val,p.Ile150Val,c.448A>G,missense_variant,Uncertain significance,1061106,,2,1613636,0.0000012394368990280337,0,0,PASS,nfe,2.8000000000000007e-7,22.4,0.604,0.00,-0.0300,2.94,0.110,0.117,0,75046,0,0,0,60026,0,0,0,29600,0,0,0,44872,0,0,0,64030,0,0,0,6062,0,0,2,1179516,0,0,0,912,0,0,0,91076,0,0,0,62496,0,0
21-31668570-G-A,21,31668570,rs747094021,G,A,gnomAD Exomes,PASS,NA,ENST00000270142.11,p.Ala153Thr,p.Ala153Thr,c.457G>A,missense_variant,Uncertain significance,899187,,14,1610922,0.000008690675277884342,0,0,PASS,sas,0.0000036500000000000006,17.4,0.582,0.00,0.0100,1.05,0.400,0.0170,0,74932,0,0,0,60014,0,0,7,29588,0,0,0,44848,0,0,0,64012,0,0,0,6060,0,0,5,1177124,0,0,0,912,0,0,2,91026,0,0,0,62406,0,0
21-31668571-C-T,21,31668571,,C,T,gnomAD Exomes,PASS,NA,ENST00000270142.11,p.Ala153Val,p.Ala153Val,c.458C>T,missense_variant,,,,1,1612038,6.203327713118425e-7,0,0,PASS,,,23.3,0.647,0.00,0.0200,5.91,0.0300,0.0540,0,74988,0,0,0,60024,0,0,0,29590,0,0,0,44848,0,0,0,64016,0,0,0,6062,0,0,1,1178128,0,0,0,912,0,0,0,91038,0,0,0,62432,0,0
21-31668574-A-G,21,31668574,rs2049619880,A,G,gnomAD Exomes,PASS,NA,ENST00000270142.11,p.Gln154Arg,p.Gln154Arg,c.461A>G,missense_variant,,,,3,1611248,0.00000186191076730584,0,0,PASS,nfe,2.8000000000000007e-7,16.2,0.585,0.00,0.0600,0.485,0.0100,0.188,0,75000,0,0,1,60030,0,0,0,29586,0,0,0,44844,0,0,0,64030,0,0,0,6062,0,0,2,1177350,0,0,0,912,0,0,0,91032,0,0,0,62402,0,0
21-31668577-A-C,21,31668577,rs768697100,A,C,"gnomAD Exomes,gnomAD Genomes",PASS,PASS,ENST00000270142.11,p.Ter155SerextTer6,p.Ter155SerextTer6,c.464A>C,stop_lost,Uncertain significance,3335974,,11,1607840,0.0000068414767638571,0,0,PASS,nfe,0.00000431,7.83,,0.00,0.110,1.42,,,0,74824,0,0,1,59998,0,0,0,29560,0,0,0,44846,0,0,0,64022,0,0,0,6078,0,0,10,1174352,0,0,0,912,0,0,0,90980,0,0,0,62268,0,0
21-31668578-A-T,21,31668578,,A,T,gnomAD Exomes,PASS,NA,ENST00000270142.11,p.Ter155TyrextTer6,p.Ter155TyrextTer6,c.465A>T,stop_lost,,,,2,1609678,0.0000012424845217490702,0,0,PASS,nfe,2.8000000000000007e-7,16.1,,0.00,0.0300,4.58,,,0,74960,0,0,0,60020,0,0,0,29568,0,0,0,44834,0,0,0,64020,0,0,0,6060,0,0,2,1175940,0,0,0,912,0,0,0,91010,0,0,0,62354,0,0
