hgvs_pro,disease_duration
A5T,8
A5T,8
A5T,8
A5T,8.640657084
A5T,10
A5T,11
A5T,12
A5T,16
A5T,20
A5T,21
A5T,21
A5T,24
A5T,24
A5T,39.96
A5V,1
A5V,1
A5V,3
A5V,3
A5V,3
A5V,4
A5V,4
A5V,4
A5V,4
A5V,4
A5V,4
A5V,4
A5V,4
A5V,5
A5V,5
A5V,5
A5V,5
A5V,5
A5V,6
A5V,6
A5V,6
A5V,6
A5V,6
A5V,6
A5V,6
A5V,6
A5V,6
A5V,6
A5V,6
A5V,6
A5V,6
A5V,7
A5V,7
A5V,7
A5V,7
A5V,7
A5V,7
A5V,7
A5V,7
A5V,7
A5V,7.2
A5V,8
A5V,8
A5V,8
A5V,8
A5V,8
A5V,8
A5V,8
A5V,8
A5V,8
A5V,8
A5V,8
A5V,8
A5V,8
A5V,8
A5V,9
A5V,9
A5V,9
A5V,9
A5V,9
A5V,9
A5V,9
A5V,9
A5V,9
A5V,9
A5V,9
A5V,9
A5V,9.6
A5V,10
A5V,10
A5V,10
A5V,10
A5V,10
A5V,10
A5V,10
A5V,10
A5V,10
A5V,10
A5V,10
A5V,10
A5V,10
A5V,10
A5V,10
A5V,10
A5V,10
A5V,10
A5V,10
A5V,11
A5V,11
A5V,11
A5V,11
A5V,11
A5V,11
A5V,11
A5V,11
A5V,11
A5V,11
A5V,11
A5V,11
A5V,11
A5V,11
A5V,11
A5V,11
A5V,12
A5V,12
A5V,12
A5V,12
A5V,12
A5V,12
A5V,12
A5V,12
A5V,12
A5V,12
A5V,12
A5V,12
A5V,12
A5V,12
A5V,12
A5V,12
A5V,12
A5V,12
A5V,12
A5V,12
A5V,12
A5V,12
A5V,12
A5V,12
A5V,12
A5V,12
A5V,12
A5V,12
A5V,13
A5V,13
A5V,13
A5V,13
A5V,13
A5V,13
A5V,13
A5V,13
A5V,13
A5V,13
A5V,13
A5V,13
A5V,13
A5V,13
A5V,13
A5V,13
A5V,14
A5V,14
A5V,14
A5V,14
A5V,14
A5V,14
A5V,14
A5V,14
A5V,14
A5V,14
A5V,14
A5V,14
A5V,14
A5V,14
A5V,14
A5V,14
A5V,14
A5V,14
A5V,14
A5V,14
A5V,14
A5V,14
A5V,14.04
A5V,14.06
A5V,15
A5V,15
A5V,15
A5V,15
A5V,15
A5V,15
A5V,15
A5V,15
A5V,15
A5V,15
A5V,15
A5V,15
A5V,15
A5V,15
A5V,15
A5V,15
A5V,15
A5V,16
A5V,16
A5V,16
A5V,16
A5V,16
A5V,16
A5V,16
A5V,16
A5V,16
A5V,17
A5V,17
A5V,17
A5V,17
A5V,17
A5V,17
A5V,17
A5V,17
A5V,17
A5V,18
A5V,18
A5V,18
A5V,18
A5V,19
A5V,19
A5V,19
A5V,19
A5V,19
A5V,19
A5V,19
A5V,20
A5V,21
A5V,21
A5V,21
A5V,21
A5V,21
A5V,22
A5V,22
A5V,22
A5V,22
A5V,22
A5V,23
A5V,23
A5V,23
A5V,24
A5V,24
A5V,24
A5V,24
A5V,24
A5V,25
A5V,25
A5V,25.2
A5V,26
A5V,26
A5V,26
A5V,29
A5V,29
A5V,29
A5V,31
A5V,36
A5V,39
A5V,41
A5V,42
A5V,43
A5V,48
A5V,51
A5V,61
A5V,63
A5V,71
A5V,88
A5V,90
A5V,91
A5V,104
C7F,12
C7F,12
C7F,12
C7F,13
C7F,14
C7F,24
C7F,43
C7S,12
C7S,36
C7S,36
C7S,45
C7S,48
C7S,48
C7S,54
C7S,88
C7S,132
C7S,180
D91A,9.954825462
D91A,11
D91A,12
D91A,18.24
D91A,22.24
D91A,24
D91A,24
D91A,24
D91A,24.77207392
D91A,25
D91A,28.8
D91A,36
D91A,41.56
D91A,45
D91A,46
D91A,48
D91A,48
D91A,49
D91A,60
D91A,60
D91A,60
D91A,60
D91A,69
D91A,70
D91A,72
D91A,77
D91A,79.9
D91A,80
D91A,81
D91A,86
D91A,86.4
D91A,88
D91A,91.76
D91A,96
D91A,105
D91A,105
D91A,108
D91A,108
D91A,120
D91A,129
D91A,130
D91A,131
D91A,132
D91A,140.81
D91A,141
D91A,144
D91A,146
D91A,158.6858316
D91A,162
D91A,164.9
D91A,168.02
D91A,183.24
D91A,192
D91A,213.6
D91A,216
D91A,220
D91A,240
D91A,252
D91A,260
D91A,288
D91A,349
E101G,6
E101G,8
E101G,10
E101G,12
E101G,14
E101G,21
E101G,27
E101G,38
E101G,39
E101G,41
E101G,42
E101G,42.28336756
E101G,45
E101G,46.02739726
E101G,54
E101G,70
E101G,72
E101G,82
E101G,84
E101G,85
E101G,88
E101G,89
E101G,89
E101G,94
E101G,100
E101G,111
E101G,111
E101G,115.7917808
E101G,123
E101G,142
E101G,163
E101G,206
E101K,11
E101K,36
E101K,48
E101K,49
E101K,51
E101K,85
E101K,89
E101K,109
E101K,109
E101K,116
E101K,156
E101K,174
E101K,174
E101K,178
E101K,203
E101K,204.06
E101K,239
E101K,252
E101K,263
E101K,286
E22G,12
E22G,24
E22G,36
E22G,48
E22G,60
E22G,73
E22G,120
E22G,120
E22G,156
E22G,168
E22G,192
E22G,240
E22G,240
E22G,252
E22G,348
E22G,349.86
E22G,464.99
F21C,8
F21C,12
F21C,22
F21C,23
F21C,23
F21C,24
F21C,24
F21C,25
G38R,41
G38R,94
G38R,144
G38R,228
G38R,239
G38R,348
G42D,8.4
G42D,15.6
G42D,32
G42D,60
G42D,69
G42D,69
G42D,83
G42D,120
G42D,124
G42D,192
G42D,205
G42D,205
G42D,235
G42D,242
G42D,312
G42D,420
G42D,504
G42S,5
G42S,6.012320329
G42S,10
G42S,11
G42S,11
G42S,12.02464066
G42S,13.01026694
G42S,15
G42S,15.04722793
G42S,16
G42S,16
G42S,20
G42S,37
G42S,38.4
G86R,16
G86R,18
G86R,20
G86R,21
G86R,21
G86R,24
G86R,26
G86R,28
G86R,30
G86R,36
G86R,36
G86R,39
G86R,45
G86R,45
G86R,49
G86R,107
G86R,132
G94A,7
G94A,12
G94A,12
G94A,13
G94A,13
G94A,15
G94A,16
G94A,16
G94A,16
G94A,19
G94A,20
G94A,21
G94A,22
G94A,22
G94A,24
G94A,24
G94A,26
G94A,27
G94A,29
G94A,32
G94A,44
G94A,46
G94A,53
G94A,68
G94A,74
G94A,172
G94C,19.87679671
G94C,27
G94C,37.49
G94C,42.84188912
G94C,49.18
G94C,79.3100616
G94C,176.89
G94C,235.4
G94C,241.87
G94D,9
G94D,21.6
G94D,22.68
G94D,25
G94D,26
G94D,27.04
G94D,31
G94D,45
G94D,46
G94D,51
G94D,53
G94D,74.88
G94D,87
G94D,94
H44R,4
H44R,7
H44R,8
H44R,8
H44R,9.6
H44R,13
H44R,19
H44R,21
H44R,29
H44R,34.99
H44R,44
H44R,45.93
H44R,60
H44R,76
H44R,88
H47R,14
H47R,65
H47R,76
H47R,81
H47R,84.17
H47R,92
H47R,108
H47R,108
H47R,120
H47R,155
H47R,165.91
H47R,170
H47R,229
H47R,246.9
H47R,264.0164271
H47R,276
H47R,277
H47R,564.0082136
I114T,7
I114T,9
I114T,9
I114T,9
I114T,11
I114T,11
I114T,12
I114T,12
I114T,12
I114T,12
I114T,13
I114T,14
I114T,14
I114T,14
I114T,14
I114T,15
I114T,17
I114T,18.23408624
I114T,19
I114T,19
I114T,20
I114T,20
I114T,22
I114T,23
I114T,24
I114T,24
I114T,26
I114T,26
I114T,26
I114T,28
I114T,28.5369863
I114T,28.96438356
I114T,29
I114T,29
I114T,30
I114T,32
I114T,34
I114T,36
I114T,36
I114T,37
I114T,38
I114T,38.4
I114T,38.4
I114T,43.10136986
I114T,44
I114T,45
I114T,50
I114T,55
I114T,56.38356164
I114T,62
I114T,62.45585215
I114T,67.2
I114T,70.91506849
I114T,71
I114T,72
I114T,72
I114T,80
I114T,83
I114T,83
I114T,84
I114T,87
I114T,93
I114T,97
I114T,98.4
I114T,101
I114T,108
I114T,108
I114T,116
I114T,118.060274
I114T,130
I114T,139
I114T,140
I114T,144.986301
I114T,145
I114T,153
I114T,153
I114T,156
I114T,156.3203285
I114T,159
I114T,177.139726
I114T,220
I114T,232
I114T,255
I114T,258
I114T,350
I114T,360
K4E,6
K4E,19
K4E,36
K4E,48
K4E,72
K4E,78
K4E,84
K4E,96
K4E,108
K4E,133
K4E,156
L107V,8
L107V,10.41478439
L107V,13
L107V,14
L107V,14
L107V,15
L107V,21
L107V,21
L107V,24
L107V,32
L107V,41
L107V,42
L107V,47
L145F,21
L145F,21
L145F,26
L145F,27
L145F,33
L145F,33
L145F,36
L145F,42.41478439
L145F,43.17043121
L145F,45
L145F,47.17864476
L145F,48
L145F,48
L145F,48
L145F,57
L145F,57
L145F,57
L145F,59.33470226
L145F,60
L145F,69.09240246
L145F,72
L145F,72
L145F,74
L145F,81
L145F,81
L145F,81
L145F,81
L145F,81.47843943
L145F,82
L145F,84
L145F,84
L145F,93
L145F,93
L145F,96.62422998
L145F,104
L145F,105
L145F,109
L145F,109
L145F,117
L145F,117
L145F,129
L145F,139.93
L145F,140.3203285
L145F,141
L145F,156
L145F,156
L145F,156
L145F,184
L85F,12
L85F,23
L85F,24.84
L85F,30
L85F,37.59
L85F,39
L85F,40
L85F,44
L85F,59.04
L85F,72.05
N20S,13.01
N20S,13.2
N20S,14.4
N20S,19.08
N20S,26.51
N20S,27.76180698
N20S,34.13552361
N20S,37.08
N20S,133.08
N20S,210.83
N66S,28
N66S,59
N66S,120
N66S,146.6940451
N87S,3
N87S,14.4
N87S,32
N87S,36
N87S,36
N87S,48
N87S,48
N87S,48
N87S,53
N87S,66
N87S,84
N87S,92.55
N87S,132
Q23L,15
Q23L,22
Q23L,24
Q23L,26
Q23L,39
Q23L,47
Q23L,60
Q23L,65
Q23L,69
Q23L,72
Q23L,105
V149G,4
V149G,6
V149G,7.824657534
V149G,8
V149G,9
V149G,9.534246575
V149G,10.58630137
V149G,11
V149G,12
V149G,12.85479452
V149G,17
V149G,18
V149G,18
V149G,18.24657534
V149G,20.51506849
V149G,25
V149G,26.16986301
V149G,27.05753425
V149G,31.06849315
V149G,39.05753425
V149G,61
V149G,66
V149G,66.9369863
V149G,141.1726027
V149G,144.9863014
V15M,8
V15M,12
V15M,12
V15M,15
V15M,16
V15M,23
V15M,38
V15M,41
V15M,48
V15M,49
V15M,50
V15M,146