hgvs_pro,age_onset
A5T,21
A5T,25
A5T,32
A5T,40
A5T,40
A5T,40
A5T,41
A5T,41
A5T,44
A5T,45
A5T,45.68
A5T,47
A5T,48
A5T,49
A5T,50
A5T,54
A5T,59
A5T,60
A5V,17
A5V,18
A5V,20
A5V,21
A5V,22
A5V,22
A5V,23
A5V,23.08
A5V,24
A5V,24
A5V,24
A5V,25
A5V,25
A5V,25
A5V,25
A5V,26
A5V,26
A5V,28
A5V,28
A5V,28
A5V,29
A5V,29
A5V,29
A5V,30
A5V,30
A5V,30.7
A5V,31
A5V,31
A5V,31
A5V,32
A5V,32
A5V,32
A5V,32
A5V,32
A5V,32
A5V,32
A5V,33
A5V,33
A5V,33
A5V,34
A5V,34
A5V,34
A5V,34
A5V,34
A5V,35
A5V,36
A5V,36
A5V,36
A5V,36
A5V,37
A5V,37
A5V,37
A5V,37
A5V,38
A5V,38
A5V,38
A5V,38
A5V,38
A5V,39
A5V,39
A5V,39
A5V,39
A5V,39
A5V,39
A5V,39
A5V,40
A5V,40
A5V,40
A5V,40
A5V,40
A5V,40
A5V,40
A5V,41
A5V,41
A5V,41
A5V,41
A5V,41
A5V,41
A5V,41
A5V,41
A5V,41
A5V,41
A5V,41.61
A5V,42
A5V,42
A5V,42
A5V,42
A5V,42
A5V,42
A5V,42
A5V,42
A5V,42
A5V,42
A5V,43
A5V,43
A5V,43
A5V,43
A5V,43
A5V,43
A5V,44
A5V,44
A5V,44
A5V,44
A5V,44
A5V,44
A5V,44
A5V,45
A5V,45
A5V,45
A5V,45
A5V,45
A5V,45
A5V,45
A5V,45
A5V,45
A5V,46
A5V,46
A5V,46
A5V,46
A5V,46
A5V,46
A5V,46.1
A5V,47
A5V,47
A5V,47
A5V,47
A5V,47
A5V,47
A5V,47
A5V,47
A5V,48
A5V,48
A5V,48
A5V,48
A5V,48
A5V,48
A5V,49
A5V,49
A5V,49
A5V,49
A5V,49
A5V,49
A5V,49
A5V,49
A5V,49
A5V,49
A5V,49
A5V,49
A5V,49
A5V,49.92
A5V,50
A5V,50
A5V,50
A5V,50
A5V,50
A5V,50
A5V,50
A5V,50
A5V,50
A5V,50
A5V,50
A5V,50
A5V,50
A5V,51
A5V,51
A5V,51
A5V,51
A5V,51
A5V,51
A5V,51
A5V,51
A5V,51
A5V,52
A5V,52
A5V,52
A5V,52
A5V,52
A5V,52
A5V,52
A5V,52
A5V,52
A5V,52
A5V,52
A5V,52.25
A5V,52.7
A5V,53
A5V,53
A5V,53
A5V,53
A5V,53
A5V,53
A5V,53
A5V,53
A5V,53
A5V,53
A5V,53
A5V,53
A5V,53
A5V,53
A5V,54
A5V,54
A5V,54
A5V,54
A5V,54
A5V,54
A5V,54
A5V,54
A5V,54
A5V,54
A5V,54
A5V,55
A5V,55
A5V,55
A5V,55
A5V,55
A5V,55.5
A5V,56
A5V,56
A5V,56
A5V,56
A5V,56
A5V,56
A5V,56
A5V,56
A5V,56
A5V,56
A5V,56
A5V,56.67
A5V,57
A5V,57
A5V,57
A5V,57
A5V,57
A5V,57
A5V,58
A5V,58
A5V,58
A5V,58
A5V,58
A5V,58
A5V,58
A5V,58
A5V,59
A5V,59
A5V,60
A5V,60
A5V,60
A5V,60
A5V,61
A5V,61
A5V,61
A5V,61
A5V,61.5
A5V,62
A5V,62
A5V,62
A5V,62
A5V,62
A5V,62
A5V,63
A5V,63
A5V,63
A5V,63
A5V,64
A5V,64
A5V,64
A5V,64
A5V,65
A5V,65
A5V,65
A5V,65
A5V,66
A5V,66
A5V,67
A5V,68
A5V,68
A5V,68
A5V,68
A5V,68
A5V,68
A5V,69
A5V,69
A5V,69
A5V,69
A5V,69
A5V,70
A5V,70
A5V,70.67
A5V,71
A5V,72
A5V,72
A5V,73
A5V,76
A5V,77
A5V,79
A5V,79
A5V,82
A5V,82.74
C7F,32
C7F,41
C7F,43
C7F,47
C7F,50
C7F,53
C7F,55
C7F,59
C7F,59
C7F,59
C7S,34
C7S,39
C7S,42
C7S,42
C7S,45
C7S,50
C7S,56
C7S,58
C7S,59
C7S,66
C7S,66
C7S,66
D91A,29
D91A,29
D91A,31
D91A,32
D91A,32
D91A,33
D91A,33
D91A,34
D91A,34
D91A,35
D91A,35
D91A,36
D91A,37
D91A,39
D91A,39
D91A,40
D91A,41
D91A,42
D91A,42
D91A,43
D91A,44
D91A,44
D91A,44.2
D91A,45
D91A,45
D91A,46
D91A,46
D91A,46
D91A,46
D91A,46
D91A,47
D91A,47
D91A,48
D91A,48
D91A,49
D91A,49
D91A,49
D91A,49
D91A,49
D91A,50
D91A,50
D91A,51
D91A,51
D91A,52
D91A,53
D91A,53
D91A,54
D91A,54
D91A,55
D91A,55
D91A,55
D91A,55
D91A,56
D91A,56
D91A,58
D91A,59
D91A,59
D91A,59.59206023
D91A,61
D91A,61.52498289
D91A,62
D91A,62
D91A,63
D91A,63
D91A,63
D91A,63
D91A,64
D91A,66
D91A,66
D91A,66
D91A,67
D91A,67.01163587
D91A,68
D91A,70
D91A,73
D91A,75
D91A,78
D91A,78.99247091
D91A,85.52
E101G,21
E101G,29
E101G,29
E101G,30
E101G,31
E101G,33
E101G,34
E101G,35
E101G,36.23835616
E101G,37
E101G,38
E101G,38
E101G,38
E101G,38
E101G,39
E101G,40
E101G,42.61369863
E101G,43
E101G,43
E101G,44
E101G,45
E101G,47
E101G,47
E101G,47
E101G,47.32876712
E101G,48
E101G,48
E101G,49
E101G,49
E101G,49
E101G,49
E101G,50.46849315
E101G,52
E101G,53
E101G,53
E101G,54
E101G,60.22465753
E101G,62
E101G,63
E101G,64
E101G,69
E101G,72
E101K,27
E101K,28
E101K,29
E101K,33
E101K,33
E101K,34
E101K,34
E101K,35
E101K,35
E101K,35
E101K,36
E101K,36
E101K,36
E101K,37
E101K,38
E101K,38
E101K,39
E101K,40
E101K,41
E101K,45
E101K,46
E101K,48
E101K,49
E22G,38
E22G,40
E22G,40
E22G,40
E22G,42
E22G,43
E22G,44
E22G,44
E22G,44.89527721
E22G,49.14989733
E22G,50
E22G,50
E22G,50
E22G,50
E22G,56
E22G,58
E22G,58
E22G,60
E22G,60
E22G,69
E22G,71
F21C,37
F21C,41
F21C,45
F21C,46
F21C,48
F21C,49
F21C,49
F21C,49
F21C,59
F21C,77
G38R,22
G38R,28
G38R,30
G38R,30
G38R,31
G38R,36.96098563
G38R,41
G38R,43
G38R,46.57084189
G38R,47
G42D,22
G42D,26
G42D,35
G42D,35
G42D,36
G42D,36
G42D,37
G42D,37
G42D,38
G42D,38
G42D,39
G42D,44
G42D,44
G42D,44
G42D,45
G42D,45
G42D,46
G42D,51
G42D,51
G42D,59
G42D,59
G42S,24
G42S,32
G42S,40
G42S,41
G42S,42
G42S,43
G42S,44
G42S,45
G42S,46
G42S,50
G42S,50
G42S,51
G42S,51
G42S,53
G42S,55
G42S,55
G42S,55
G42S,62
G42S,64
G42S,67
G42S,75
G86R,45
G86R,48
G86R,48
G86R,49
G86R,50
G86R,50
G86R,51
G86R,59
G86R,60
G86R,61
G86R,63
G86R,64
G86R,68
G86R,69
G86R,70
G86R,80
G86R,85
G94A,19
G94A,21
G94A,22
G94A,27
G94A,35
G94A,35
G94A,37
G94A,37
G94A,38
G94A,43
G94A,45
G94A,47
G94A,47
G94A,48
G94A,49
G94A,49
G94A,50
G94A,59
G94A,60
G94A,61
G94A,61
G94A,65
G94A,65
G94A,67
G94A,72
G94A,78
G94A,78
G94C,31
G94C,31.01711157
G94C,34
G94C,34
G94C,35
G94C,37
G94C,37
G94C,38
G94C,39
G94C,41.50855578
G94C,46
G94C,46
G94C,51
G94C,65.97946612
G94D,17
G94D,31
G94D,33
G94D,36
G94D,45
G94D,49
G94D,51
G94D,51
G94D,55
G94D,56
G94D,57.95
G94D,60.02
G94D,63
G94D,67
G94D,74
H44R,31
H44R,39
H44R,39
H44R,42
H44R,44
H44R,44
H44R,46
H44R,47.5
H44R,51
H44R,55
H44R,56
H44R,61
H44R,63
H44R,64
H44R,70
H44R,76
H47R,24
H47R,30.0698152
H47R,36
H47R,37
H47R,38
H47R,39
H47R,40
H47R,40
H47R,41
H47R,43
H47R,46
H47R,46
H47R,47
H47R,51
H47R,54
H47R,55
H47R,57
H47R,65
H47R,69
I114T,23
I114T,28
I114T,29.50136986
I114T,30.18082192
I114T,32
I114T,32
I114T,34
I114T,37
I114T,38
I114T,39
I114T,39
I114T,39
I114T,41.7041096
I114T,42
I114T,42
I114T,42.26694045
I114T,43
I114T,43
I114T,44
I114T,44
I114T,44.77534247
I114T,45
I114T,45
I114T,46
I114T,46
I114T,46.64
I114T,47
I114T,47
I114T,47.53972603
I114T,48
I114T,48
I114T,48
I114T,48
I114T,48
I114T,48.97808219
I114T,49
I114T,49
I114T,49
I114T,49
I114T,50
I114T,50
I114T,50
I114T,50
I114T,50
I114T,50.03287671
I114T,51
I114T,51
I114T,51
I114T,51
I114T,52
I114T,52
I114T,52
I114T,52
I114T,53
I114T,53
I114T,53
I114T,53
I114T,53
I114T,53
I114T,53.70410959
I114T,54
I114T,54
I114T,54
I114T,54.4
I114T,55
I114T,55
I114T,56
I114T,56
I114T,56
I114T,57
I114T,57
I114T,57.43835616
I114T,59
I114T,60
I114T,60
I114T,60
I114T,61
I114T,61
I114T,62
I114T,63
I114T,64
I114T,64
I114T,64
I114T,64
I114T,65
I114T,65
I114T,65
I114T,65.03835616
I114T,65.8109589
I114T,66
I114T,66.35068493
I114T,67.0739726
I114T,68
I114T,68
I114T,69
I114T,69.42739726
I114T,70
I114T,70
I114T,70
I114T,71
I114T,71
I114T,71.55068493
I114T,72.28493151
I114T,74
I114T,76.05205479
I114T,77
I114T,77
I114T,78
K4E,44
K4E,51
K4E,51
K4E,51
K4E,53
K4E,55
K4E,55
K4E,61
K4E,64
K4E,68
L107V,29
L107V,30
L107V,37
L107V,40
L107V,41
L107V,45
L107V,49
L107V,53
L107V,57
L107V,58
L107V,59
L107V,59
L107V,62
L107V,63
L145F,29
L145F,30
L145F,34
L145F,37
L145F,39
L145F,42
L145F,42
L145F,43
L145F,43
L145F,44
L145F,44
L145F,44.63
L145F,45
L145F,46
L145F,46
L145F,46
L145F,47
L145F,48
L145F,48
L145F,49
L145F,49
L145F,49
L145F,49
L145F,50
L145F,51
L145F,51
L145F,51
L145F,52
L145F,52
L145F,52
L145F,52
L145F,53
L145F,53
L145F,54
L145F,54
L145F,54
L145F,55
L145F,55
L145F,56
L145F,56
L145F,57
L145F,57
L145F,57
L145F,58
L145F,58
L145F,59
L145F,59
L145F,59
L145F,59
L145F,60
L145F,60
L145F,61
L145F,61
L145F,64
L145F,66
L145F,66
L145F,67
L145F,69
L145F,69
L145F,70
L145F,71
L145F,72
L85F,13
L85F,27.97
L85F,32
L85F,38
L85F,38
L85F,43
L85F,45
L85F,45
L85F,45
L85F,51
L85F,54
L85F,61
N20S,28.14
N20S,32
N20S,41
N20S,42
N20S,45
N20S,53.2128679
N20S,57.04
N20S,69
N20S,77.7
N20S,81
N20S,85
N66S,34
N66S,35
N66S,38
N66S,40
N66S,41
N66S,42.00958248
N66S,44
N66S,44
N66S,57
N66S,69
N66S,72.91718001
N87S,13
N87S,13
N87S,28
N87S,34
N87S,34
N87S,34
N87S,42
N87S,43
N87S,48
N87S,51
N87S,52
N87S,54
N87S,55
N87S,59
Q23L,30
Q23L,39
Q23L,46.85284052
Q23L,47
Q23L,48
Q23L,51
Q23L,54
Q23L,56
Q23L,56
Q23L,58.2
Q23L,59
Q23L,68
V149G,25.13150685
V149G,25.50684932
V149G,29
V149G,31
V149G,33.29315068
V149G,35.29315068
V149G,35.99178082
V149G,39
V149G,39
V149G,39
V149G,40.37260274
V149G,41
V149G,41.70410959
V149G,41.94246575
V149G,42.99178082
V149G,43
V149G,43.51232877
V149G,43.91780822
V149G,44.10136986
V149G,45.48219178
V149G,45.55068493
V149G,46
V149G,46
V149G,46.43835616
V149G,47.54520548
V149G,47.97534247
V149G,49
V149G,49
V149G,50.14794521
V149G,51.19178082
V149G,52.73424658
V149G,53
V149G,54
V149G,57
V149G,57.62739726
V149G,72.04931507
V15M,24
V15M,42
V15M,44
V15M,47
V15M,49
V15M,53
V15M,54
V15M,55
V15M,60
V15M,60
V15M,62
V15M,70